customer_id,country
17850,"UNITED KINGDOM"
13047,"UNITED KINGDOM"
12583,FRANCE
12473,GERMANY
13748,"UNITED KINGDOM"
15100,"UNITED KINGDOM"
14646,NETHERLANDS
13015,"UNITED KINGDOM"
15291,"UNITED KINGDOM"
14688,"UNITED KINGDOM"
17809,"UNITED KINGDOM"
15311,"UNITED KINGDOM"
16422,"UNITED KINGDOM"
15240,"UNITED KINGDOM"
15916,"UNITED KINGDOM"
14606,"UNITED KINGDOM"
13069,"UNITED KINGDOM"
14211,"UNITED KINGDOM"
17315,"UNITED KINGDOM"
16076,"UNITED KINGDOM"
16969,"UNITED KINGDOM"
16813,"UNITED KINGDOM"
16098,"UNITED KINGDOM"
18074,"UNITED KINGDOM"
17420,"UNITED KINGDOM"
16029,"UNITED KINGDOM"
16250,"UNITED KINGDOM"
12431,AUSTRALIA
17511,"UNITED KINGDOM"
13705,"UNITED KINGDOM"
13747,"UNITED KINGDOM"
13408,"UNITED KINGDOM"
13767,"UNITED KINGDOM"
17924,"UNITED KINGDOM"
13448,"UNITED KINGDOM"
15862,"UNITED KINGDOM"
15066,"UNITED KINGDOM"
17206,"UNITED KINGDOM"
14096,"UNITED KINGDOM"
17191,"UNITED KINGDOM"
16818,"UNITED KINGDOM"
15513,"UNITED KINGDOM"
12791,NETHERLANDS
16218,"UNITED KINGDOM"
13094,"UNITED KINGDOM"
14597,"UNITED KINGDOM"
13917,"UNITED KINGDOM"
14515,"UNITED KINGDOM"
15039,"UNITED KINGDOM"
14045,"UNITED KINGDOM"
14307,"UNITED KINGDOM"
17908,"UNITED KINGDOM"
14377,"UNITED KINGDOM"
16424,"UNITED KINGDOM"
13475,"UNITED KINGDOM"
14800,"UNITED KINGDOM"
17920,"UNITED KINGDOM"
14315,"UNITED KINGDOM"
17472,"UNITED KINGDOM"
17049,"UNITED KINGDOM"
13062,"UNITED KINGDOM"
17596,"UNITED KINGDOM"
13263,"UNITED KINGDOM"
15192,"UNITED KINGDOM"
17757,"UNITED KINGDOM"
15611,"UNITED KINGDOM"
17723,"UNITED KINGDOM"
16348,"UNITED KINGDOM"
17162,"UNITED KINGDOM"
12709,GERMANY
12838,"UNITED KINGDOM"
13255,"UNITED KINGDOM"
16583,"UNITED KINGDOM"
18085,"UNITED KINGDOM"
13758,"UNITED KINGDOM"
13694,"UNITED KINGDOM"
15983,"UNITED KINGDOM"
14849,"UNITED KINGDOM"
17968,"UNITED KINGDOM"
17785,"UNITED KINGDOM"
16210,"UNITED KINGDOM"
17897,"UNITED KINGDOM"
18179,"UNITED KINGDOM"
12463,BELGIUM
14911,EIRE
16729,"UNITED KINGDOM"
17377,"UNITED KINGDOM"
16552,"UNITED KINGDOM"
17181,"UNITED KINGDOM"
12963,"UNITED KINGDOM"
17951,"UNITED KINGDOM"
14729,"UNITED KINGDOM"
16932,"UNITED KINGDOM"
14298,"UNITED KINGDOM"
12748,"UNITED KINGDOM"
15012,"UNITED KINGDOM"
16363,"UNITED KINGDOM"
16463,"UNITED KINGDOM"
14805,"UNITED KINGDOM"
14830,"UNITED KINGDOM"
12868,"UNITED KINGDOM"
17572,"UNITED KINGDOM"
14078,"UNITED KINGDOM"
14001,"UNITED KINGDOM"
16389,"UNITED KINGDOM"
15033,"UNITED KINGDOM"
12662,GERMANY
15525,"UNITED KINGDOM"
15078,"UNITED KINGDOM"
14237,"UNITED KINGDOM"
16484,"UNITED KINGDOM"
17905,"UNITED KINGDOM"
13334,"UNITED KINGDOM"
13546,"UNITED KINGDOM"
12794,PORTUGAL
17612,"UNITED KINGDOM"
13265,"UNITED KINGDOM"
15918,"UNITED KINGDOM"
14841,"UNITED KINGDOM"
17841,"UNITED KINGDOM"
14389,"UNITED KINGDOM"
15184,"UNITED KINGDOM"
17652,"UNITED KINGDOM"
15838,"UNITED KINGDOM"
16928,"UNITED KINGDOM"
16672,"UNITED KINGDOM"
18135,"UNITED KINGDOM"
14453,"UNITED KINGDOM"
17900,"UNITED KINGDOM"
13437,"UNITED KINGDOM"
15485,"UNITED KINGDOM"
17133,"UNITED KINGDOM"
12517,GERMANY
12433,NORWAY
16955,"UNITED KINGDOM"
14422,"UNITED KINGDOM"
15350,"UNITED KINGDOM"
15605,"UNITED KINGDOM"
18144,"UNITED KINGDOM"
15922,"UNITED KINGDOM"
14594,"UNITED KINGDOM"
15165,"UNITED KINGDOM"
16456,"UNITED KINGDOM"
16133,"UNITED KINGDOM"
17244,"UNITED KINGDOM"
17346,"UNITED KINGDOM"
17643,"UNITED KINGDOM"
15355,"UNITED KINGDOM"
13110,"UNITED KINGDOM"
18241,"UNITED KINGDOM"
15598,"UNITED KINGDOM"
17873,"UNITED KINGDOM"
13093,"UNITED KINGDOM"
12921,"UNITED KINGDOM"
13468,"UNITED KINGDOM"
17760,"UNITED KINGDOM"
17679,"UNITED KINGDOM"
15505,"UNITED KINGDOM"
16048,"UNITED KINGDOM"
16274,"UNITED KINGDOM"
13536,"UNITED KINGDOM"
13892,"UNITED KINGDOM"
15637,"UNITED KINGDOM"
16848,"UNITED KINGDOM"
17317,"UNITED KINGDOM"
16458,"UNITED KINGDOM"
14496,"UNITED KINGDOM"
14696,"UNITED KINGDOM"
16539,"UNITED KINGDOM"
15658,"UNITED KINGDOM"
17025,"UNITED KINGDOM"
13777,"UNITED KINGDOM"
15678,"UNITED KINGDOM"
17719,"UNITED KINGDOM"
17730,"UNITED KINGDOM"
14543,"UNITED KINGDOM"
14221,"UNITED KINGDOM"
17690,"UNITED KINGDOM"
14897,"UNITED KINGDOM"
14015,"UNITED KINGDOM"
14156,EIRE
12971,"UNITED KINGDOM"
16249,"UNITED KINGDOM"
16529,"UNITED KINGDOM"
15555,"UNITED KINGDOM"
16019,"UNITED KINGDOM"
12720,GERMANY
13594,"UNITED KINGDOM"
14088,"UNITED KINGDOM"
15971,"UNITED KINGDOM"
17073,"UNITED KINGDOM"
13953,"UNITED KINGDOM"
14798,"UNITED KINGDOM"
12676,SWEDEN
17531,"UNITED KINGDOM"
17231,"UNITED KINGDOM"
12775,NETHERLANDS
13294,"UNITED KINGDOM"
16239,"UNITED KINGDOM"
17994,"UNITED KINGDOM"
16230,"UNITED KINGDOM"
14500,"UNITED KINGDOM"
14408,"UNITED KINGDOM"
12601,GERMANY
15498,"UNITED KINGDOM"
13458,"UNITED KINGDOM"
12947,"UNITED KINGDOM"
17460,"UNITED KINGDOM"
18229,"UNITED KINGDOM"
14142,"UNITED KINGDOM"
17069,"UNITED KINGDOM"
13065,"UNITED KINGDOM"
16835,"UNITED KINGDOM"
15235,"UNITED KINGDOM"
13362,"UNITED KINGDOM"
13576,"UNITED KINGDOM"
18011,"UNITED KINGDOM"
13090,"UNITED KINGDOM"
15694,"UNITED KINGDOM"
12779,POLAND
12455,SPAIN
16117,"UNITED KINGDOM"
14741,"UNITED KINGDOM"
13715,"UNITED KINGDOM"
17732,"UNITED KINGDOM"
12855,"UNITED KINGDOM"
15752,"UNITED KINGDOM"
13509,"UNITED KINGDOM"
15327,"UNITED KINGDOM"
17203,"UNITED KINGDOM"
17135,"UNITED KINGDOM"
17855,"UNITED KINGDOM"
14047,"UNITED KINGDOM"
17925,"UNITED KINGDOM"
13941,"UNITED KINGDOM"
17017,"UNITED KINGDOM"
14135,"UNITED KINGDOM"
13108,"UNITED KINGDOM"
15601,"UNITED KINGDOM"
16701,"UNITED KINGDOM"
14700,"UNITED KINGDOM"
16593,"UNITED KINGDOM"
12359,CYPRUS
15189,"UNITED KINGDOM"
17722,"UNITED KINGDOM"
13248,"UNITED KINGDOM"
13418,"UNITED KINGDOM"
16942,"UNITED KINGDOM"
18118,"UNITED KINGDOM"
17949,"UNITED KINGDOM"
16525,"UNITED KINGDOM"
16967,"UNITED KINGDOM"
13695,"UNITED KINGDOM"
14388,"UNITED KINGDOM"
16393,"UNITED KINGDOM"
15737,"UNITED KINGDOM"
17068,"UNITED KINGDOM"
15405,"UNITED KINGDOM"
16659,"UNITED KINGDOM"
13885,"UNITED KINGDOM"
13835,"UNITED KINGDOM"
15812,"UNITED KINGDOM"
14901,"UNITED KINGDOM"
15508,"UNITED KINGDOM"
18041,"UNITED KINGDOM"
15955,"UNITED KINGDOM"
12621,GERMANY
15070,"UNITED KINGDOM"
16186,"UNITED KINGDOM"
16191,"UNITED KINGDOM"
16880,"UNITED KINGDOM"
14861,"UNITED KINGDOM"
17262,"UNITED KINGDOM"
17090,"UNITED KINGDOM"
12540,SPAIN
13435,"UNITED KINGDOM"
14554,"UNITED KINGDOM"
17708,"UNITED KINGDOM"
18198,"UNITED KINGDOM"
12980,"UNITED KINGDOM"
17071,"UNITED KINGDOM"
16515,"UNITED KINGDOM"
17706,"UNITED KINGDOM"
13131,"UNITED KINGDOM"
14891,"UNITED KINGDOM"
17758,"UNITED KINGDOM"
16244,"UNITED KINGDOM"
16682,"UNITED KINGDOM"
15038,"UNITED KINGDOM"
12611,ITALY
15111,"UNITED KINGDOM"
14390,"UNITED KINGDOM"
16546,"UNITED KINGDOM"
15260,"UNITED KINGDOM"
13305,"UNITED KINGDOM"
14491,"UNITED KINGDOM"
16940,"UNITED KINGDOM"
15796,"UNITED KINGDOM"
14060,"UNITED KINGDOM"
15923,"UNITED KINGDOM"
12468,GERMANY
16752,"UNITED KINGDOM"
17287,"UNITED KINGDOM"
15363,"UNITED KINGDOM"
12915,"UNITED KINGDOM"
15544,"UNITED KINGDOM"
16923,"UNITED KINGDOM"
13880,"UNITED KINGDOM"
13991,"UNITED KINGDOM"
15738,"UNITED KINGDOM"
13700,"UNITED KINGDOM"
16910,"UNITED KINGDOM"
14709,"UNITED KINGDOM"
17381,"UNITED KINGDOM"
15827,"UNITED KINGDOM"
14364,"UNITED KINGDOM"
14180,"UNITED KINGDOM"
13117,"UNITED KINGDOM"
16916,"UNITED KINGDOM"
12678,FRANCE
15722,"UNITED KINGDOM"
14682,"UNITED KINGDOM"
17675,"UNITED KINGDOM"
13637,"UNITED KINGDOM"
14159,"UNITED KINGDOM"
15453,"UNITED KINGDOM"
14512,"UNITED KINGDOM"
16734,"UNITED KINGDOM"
14179,"UNITED KINGDOM"
17964,"UNITED KINGDOM"
14466,"UNITED KINGDOM"
17235,"UNITED KINGDOM"
16510,"UNITED KINGDOM"
17802,"UNITED KINGDOM"
15107,"UNITED KINGDOM"
14472,"UNITED KINGDOM"
17976,"UNITED KINGDOM"
13668,"UNITED KINGDOM"
16883,"UNITED KINGDOM"
15140,"UNITED KINGDOM"
15108,"EUROPEAN COMMUNITY"
13089,"UNITED KINGDOM"
14621,"UNITED KINGDOM"
16730,"UNITED KINGDOM"
17735,"UNITED KINGDOM"
12681,FRANCE
17811,"UNITED KINGDOM"
15245,"UNITED KINGDOM"
12863,"UNITED KINGDOM"
14191,"UNITED KINGDOM"
14449,"UNITED KINGDOM"
13860,"UNITED KINGDOM"
14776,"UNITED KINGDOM"
13308,"UNITED KINGDOM"
15604,"UNITED KINGDOM"
16781,"UNITED KINGDOM"
13610,"UNITED KINGDOM"
13491,"UNITED KINGDOM"
12759,NETHERLANDS
17685,"UNITED KINGDOM"
17581,"UNITED KINGDOM"
13805,"UNITED KINGDOM"
14639,"UNITED KINGDOM"
15732,"UNITED KINGDOM"
13138,"UNITED KINGDOM"
15823,"UNITED KINGDOM"
13742,"UNITED KINGDOM"
17567,"UNITED KINGDOM"
16963,"UNITED KINGDOM"
12360,AUSTRIA
15704,"UNITED KINGDOM"
13682,"UNITED KINGDOM"
15061,"UNITED KINGDOM"
15144,"UNITED KINGDOM"
12955,"UNITED KINGDOM"
13032,"UNITED KINGDOM"
13862,"UNITED KINGDOM"
16203,"UNITED KINGDOM"
14056,"UNITED KINGDOM"
15640,"UNITED KINGDOM"
15574,"UNITED KINGDOM"
16654,"UNITED KINGDOM"
17576,"UNITED KINGDOM"
14381,"UNITED KINGDOM"
15005,"UNITED KINGDOM"
16770,"UNITED KINGDOM"
12572,GERMANY
17838,"UNITED KINGDOM"
15298,"UNITED KINGDOM"
17228,"UNITED KINGDOM"
14659,"UNITED KINGDOM"
14829,"UNITED KINGDOM"
17050,"UNITED KINGDOM"
17412,"UNITED KINGDOM"
14031,"UNITED KINGDOM"
16123,"UNITED KINGDOM"
12500,GERMANY
16851,"UNITED KINGDOM"
17589,"UNITED KINGDOM"
12727,FRANCE
16298,"UNITED KINGDOM"
14775,"UNITED KINGDOM"
16187,"UNITED KINGDOM"
17659,"UNITED KINGDOM"
17148,"UNITED KINGDOM"
15299,"UNITED KINGDOM"
14229,"UNITED KINGDOM"
15646,"UNITED KINGDOM"
13402,"UNITED KINGDOM"
17549,"UNITED KINGDOM"
14367,"UNITED KINGDOM"
15152,"UNITED KINGDOM"
15462,"UNITED KINGDOM"
17973,"UNITED KINGDOM"
15610,"UNITED KINGDOM"
15853,"UNITED KINGDOM"
14434,"UNITED KINGDOM"
13011,"UNITED KINGDOM"
13798,"UNITED KINGDOM"
16754,"UNITED KINGDOM"
16634,"UNITED KINGDOM"
18239,"UNITED KINGDOM"
14576,"UNITED KINGDOM"
13145,"UNITED KINGDOM"
18168,"UNITED KINGDOM"
17043,"UNITED KINGDOM"
14395,"UNITED KINGDOM"
14865,"UNITED KINGDOM"
15093,"UNITED KINGDOM"
12738,GERMANY
13849,"UNITED KINGDOM"
16150,"UNITED KINGDOM"
17552,"UNITED KINGDOM"
12449,BELGIUM
14236,"UNITED KINGDOM"
17961,"UNITED KINGDOM"
18077,"UNITED KINGDOM"
17934,"UNITED KINGDOM"
12744,SINGAPORE
14573,"UNITED KINGDOM"
16621,"UNITED KINGDOM"
12472,GERMANY
15349,"UNITED KINGDOM"
17396,"UNITED KINGDOM"
12967,"UNITED KINGDOM"
12417,BELGIUM
12686,FRANCE
13370,"UNITED KINGDOM"
13410,"UNITED KINGDOM"
15301,"UNITED KINGDOM"
16440,"UNITED KINGDOM"
13983,"UNITED KINGDOM"
13865,"UNITED KINGDOM"
14312,"UNITED KINGDOM"
13534,"UNITED KINGDOM"
13520,SWITZERLAND
12841,"UNITED KINGDOM"
16906,"UNITED KINGDOM"
14232,"UNITED KINGDOM"
16131,"UNITED KINGDOM"
16905,"UNITED KINGDOM"
15687,"UNITED KINGDOM"
16979,"UNITED KINGDOM"
12427,GERMANY
17967,"UNITED KINGDOM"
16849,"UNITED KINGDOM"
12802,NETHERLANDS
15073,"UNITED KINGDOM"
14215,"UNITED KINGDOM"
16891,"UNITED KINGDOM"
15852,"UNITED KINGDOM"
16235,"UNITED KINGDOM"
16209,"UNITED KINGDOM"
16612,"UNITED KINGDOM"
16103,"UNITED KINGDOM"
15805,"UNITED KINGDOM"
14732,"UNITED KINGDOM"
14534,"UNITED KINGDOM"
18019,"UNITED KINGDOM"
16470,"UNITED KINGDOM"
14107,"UNITED KINGDOM"
14589,"UNITED KINGDOM"
14680,"UNITED KINGDOM"
13590,"UNITED KINGDOM"
17884,"UNITED KINGDOM"
17625,"UNITED KINGDOM"
16684,"UNITED KINGDOM"
13319,"UNITED KINGDOM"
17101,"UNITED KINGDOM"
16869,"UNITED KINGDOM"
12535,FRANCE
12557,SPAIN
14083,"UNITED KINGDOM"
15150,"UNITED KINGDOM"
13013,"UNITED KINGDOM"
15220,"UNITED KINGDOM"
14475,"UNITED KINGDOM"
14210,"UNITED KINGDOM"
18248,"UNITED KINGDOM"
16477,"UNITED KINGDOM"
16520,"UNITED KINGDOM"
12600,GERMANY
16013,"UNITED KINGDOM"
16926,"UNITED KINGDOM"
17787,"UNITED KINGDOM"
18016,"UNITED KINGDOM"
14698,"UNITED KINGDOM"
12682,FRANCE
12957,"UNITED KINGDOM"
12596,SPAIN
14273,"UNITED KINGDOM"
14623,"UNITED KINGDOM"
14306,"UNITED KINGDOM"
15468,"UNITED KINGDOM"
15386,"UNITED KINGDOM"
14723,"UNITED KINGDOM"
17954,"UNITED KINGDOM"
17819,"UNITED KINGDOM"
12731,FRANCE
14704,"UNITED KINGDOM"
17361,"UNITED KINGDOM"
12712,GERMANY
15373,"UNITED KINGDOM"
17673,"UNITED KINGDOM"
18236,"UNITED KINGDOM"
16140,"UNITED KINGDOM"
17198,"UNITED KINGDOM"
12843,"UNITED KINGDOM"
16168,"UNITED KINGDOM"
14498,"UNITED KINGDOM"
14201,"UNITED KINGDOM"
15379,"UNITED KINGDOM"
14944,"UNITED KINGDOM"
14713,"UNITED KINGDOM"
12609,GERMANY
16611,"UNITED KINGDOM"
17238,"UNITED KINGDOM"
12793,PORTUGAL
15769,"UNITED KINGDOM"
14396,"UNITED KINGDOM"
17252,"UNITED KINGDOM"
14898,"UNITED KINGDOM"
12725,ITALY
16826,"UNITED KINGDOM"
16655,"UNITED KINGDOM"
16725,"UNITED KINGDOM"
12395,BELGIUM
16455,"UNITED KINGDOM"
13081,"UNITED KINGDOM"
14542,"UNITED KINGDOM"
16839,"UNITED KINGDOM"
17696,"UNITED KINGDOM"
17824,"UNITED KINGDOM"
13327,"UNITED KINGDOM"
13247,"UNITED KINGDOM"
16885,"UNITED KINGDOM"
15545,"UNITED KINGDOM"
12757,PORTUGAL
15754,"UNITED KINGDOM"
12522,GERMANY
12370,CYPRUS
17243,"UNITED KINGDOM"
15465,"UNITED KINGDOM"
14297,"UNITED KINGDOM"
16033,"UNITED KINGDOM"
15803,"UNITED KINGDOM"
15006,"UNITED KINGDOM"
16153,"UNITED KINGDOM"
13838,"UNITED KINGDOM"
16825,"UNITED KINGDOM"
12380,BELGIUM
18226,"UNITED KINGDOM"
16817,"UNITED KINGDOM"
16949,"UNITED KINGDOM"
18055,"UNITED KINGDOM"
18072,"UNITED KINGDOM"
18109,"UNITED KINGDOM"
14462,"UNITED KINGDOM"
16462,"UNITED KINGDOM"
13220,"UNITED KINGDOM"
17562,"UNITED KINGDOM"
14867,"UNITED KINGDOM"
17512,"UNITED KINGDOM"
17091,"UNITED KINGDOM"
18210,"UNITED KINGDOM"
13643,"UNITED KINGDOM"
16241,"UNITED KINGDOM"
13784,"UNITED KINGDOM"
15708,"UNITED KINGDOM"
13330,"UNITED KINGDOM"
15969,"UNITED KINGDOM"
13078,"UNITED KINGDOM"
12891,"UNITED KINGDOM"
17350,"UNITED KINGDOM"
14525,"UNITED KINGDOM"
14799,"UNITED KINGDOM"
12685,FRANCE
16722,"UNITED KINGDOM"
13199,"UNITED KINGDOM"
16170,"UNITED KINGDOM"
13890,"UNITED KINGDOM"
15814,"UNITED KINGDOM"
16931,"UNITED KINGDOM"
16814,"UNITED KINGDOM"
15351,"UNITED KINGDOM"
13098,"UNITED KINGDOM"
13283,"UNITED KINGDOM"
14583,"UNITED KINGDOM"
17874,"UNITED KINGDOM"
13269,"UNITED KINGDOM"
12584,ITALY
14711,"UNITED KINGDOM"
14813,"UNITED KINGDOM"
13669,"UNITED KINGDOM"
12567,FRANCE
16260,"UNITED KINGDOM"
17062,"UNITED KINGDOM"
17015,"UNITED KINGDOM"
15332,LITHUANIA
14810,"UNITED KINGDOM"
16353,"UNITED KINGDOM"
14880,"UNITED KINGDOM"
16081,"UNITED KINGDOM"
13266,"UNITED KINGDOM"
16550,"UNITED KINGDOM"
13831,"UNITED KINGDOM"
14261,"UNITED KINGDOM"
17434,"UNITED KINGDOM"
13050,"UNITED KINGDOM"
14638,"UNITED KINGDOM"
13506,"UNITED KINGDOM"
13755,"UNITED KINGDOM"
17796,"UNITED KINGDOM"
17354,"UNITED KINGDOM"
15716,"UNITED KINGDOM"
18156,"UNITED KINGDOM"
17007,"UNITED KINGDOM"
15664,"UNITED KINGDOM"
17429,"UNITED KINGDOM"
14375,"UNITED KINGDOM"
17764,"UNITED KINGDOM"
14631,"UNITED KINGDOM"
17651,"UNITED KINGDOM"
13245,"UNITED KINGDOM"
15296,"UNITED KINGDOM"
14923,"UNITED KINGDOM"
14866,"UNITED KINGDOM"
14214,"UNITED KINGDOM"
14447,"UNITED KINGDOM"
16983,"UNITED KINGDOM"
17059,"UNITED KINGDOM"
17124,"UNITED KINGDOM"
17987,"UNITED KINGDOM"
12990,"UNITED KINGDOM"
16327,"UNITED KINGDOM"
17026,"UNITED KINGDOM"
14530,"UNITED KINGDOM"
16841,"UNITED KINGDOM"
17707,"UNITED KINGDOM"
18073,"UNITED KINGDOM"
13395,"UNITED KINGDOM"
17211,"UNITED KINGDOM"
18149,"UNITED KINGDOM"
17365,"UNITED KINGDOM"
15799,"UNITED KINGDOM"
17389,"UNITED KINGDOM"
14958,"UNITED KINGDOM"
17854,"UNITED KINGDOM"
18102,"UNITED KINGDOM"
15449,"UNITED KINGDOM"
12383,BELGIUM
14745,"UNITED KINGDOM"
15570,"UNITED KINGDOM"
14527,"UNITED KINGDOM"
16474,"UNITED KINGDOM"
17828,MALTA
15880,"UNITED KINGDOM"
14217,"UNITED KINGDOM"
12683,FRANCE
14477,"UNITED KINGDOM"
14257,"UNITED KINGDOM"
14495,"UNITED KINGDOM"
16718,"UNITED KINGDOM"
12726,FRANCE
12642,GERMANY
15743,"UNITED KINGDOM"
17402,"UNITED KINGDOM"
18252,"UNITED KINGDOM"
15808,"UNITED KINGDOM"
12569,GERMANY
12474,GERMANY
16177,"UNITED KINGDOM"
15159,"UNITED KINGDOM"
12556,SPAIN
17409,"UNITED KINGDOM"
13752,"UNITED KINGDOM"
16626,"UNITED KINGDOM"
17858,"UNITED KINGDOM"
17966,"UNITED KINGDOM"
14161,"UNITED KINGDOM"
17863,"UNITED KINGDOM"
16411,"UNITED KINGDOM"
18221,"UNITED KINGDOM"
17414,"UNITED KINGDOM"
18092,"UNITED KINGDOM"
15382,"UNITED KINGDOM"
13571,"UNITED KINGDOM"
16402,"UNITED KINGDOM"
16099,"UNITED KINGDOM"
13159,"UNITED KINGDOM"
12808,PORTUGAL
13184,"UNITED KINGDOM"
15023,"UNITED KINGDOM"
13001,"UNITED KINGDOM"
14622,"UNITED KINGDOM"
15587,"UNITED KINGDOM"
13366,"UNITED KINGDOM"
16284,"UNITED KINGDOM"
15426,"UNITED KINGDOM"
15764,"UNITED KINGDOM"
16846,"UNITED KINGDOM"
13761,"UNITED KINGDOM"
12647,GERMANY
15807,"UNITED KINGDOM"
14484,"UNITED KINGDOM"
16592,"UNITED KINGDOM"
17672,"UNITED KINGDOM"
15894,"UNITED KINGDOM"
12901,"UNITED KINGDOM"
15609,"UNITED KINGDOM"
15867,"UNITED KINGDOM"
14427,"UNITED KINGDOM"
13897,"UNITED KINGDOM"
14585,"UNITED KINGDOM"
14506,"UNITED KINGDOM"
15565,"UNITED KINGDOM"
13573,"UNITED KINGDOM"
15129,"UNITED KINGDOM"
17125,"UNITED KINGDOM"
15400,"UNITED KINGDOM"
14561,"UNITED KINGDOM"
13985,"UNITED KINGDOM"
13630,"UNITED KINGDOM"
14587,"UNITED KINGDOM"
13034,"UNITED KINGDOM"
15121,"UNITED KINGDOM"
15889,"UNITED KINGDOM"
15511,"UNITED KINGDOM"
16872,"UNITED KINGDOM"
15974,"UNITED KINGDOM"
16126,"UNITED KINGDOM"
16358,"UNITED KINGDOM"
15117,"UNITED KINGDOM"
17491,"UNITED KINGDOM"
15809,"UNITED KINGDOM"
16832,"UNITED KINGDOM"
13162,"UNITED KINGDOM"
15238,"UNITED KINGDOM"
13115,"UNITED KINGDOM"
16011,"UNITED KINGDOM"
13875,"UNITED KINGDOM"
16705,"UNITED KINGDOM"
17571,"UNITED KINGDOM"
15953,"UNITED KINGDOM"
13466,"UNITED KINGDOM"
16143,"UNITED KINGDOM"
17360,"UNITED KINGDOM"
12747,"UNITED KINGDOM"
15502,"UNITED KINGDOM"
12763,JAPAN
14081,"UNITED KINGDOM"
15469,"UNITED KINGDOM"
15187,"UNITED KINGDOM"
15058,"UNITED KINGDOM"
15836,"UNITED KINGDOM"
17092,"UNITED KINGDOM"
17965,"UNITED KINGDOM"
14404,"UNITED KINGDOM"
13579,"UNITED KINGDOM"
13174,"UNITED KINGDOM"
16156,"UNITED KINGDOM"
16313,"UNITED KINGDOM"
15782,"UNITED KINGDOM"
13741,"UNITED KINGDOM"
13856,"UNITED KINGDOM"
13004,"UNITED KINGDOM"
13510,"UNITED KINGDOM"
15241,"UNITED KINGDOM"
15214,"UNITED KINGDOM"
13811,GERMANY
12594,ITALY
15855,"UNITED KINGDOM"
17528,"UNITED KINGDOM"
12406,DENMARK
13460,"UNITED KINGDOM"
13725,"UNITED KINGDOM"
12407,BELGIUM
13038,"UNITED KINGDOM"
14231,"UNITED KINGDOM"
13588,"UNITED KINGDOM"
13756,"UNITED KINGDOM"
15407,"UNITED KINGDOM"
16892,"UNITED KINGDOM"
13134,"UNITED KINGDOM"
12403,DENMARK
16497,"UNITED KINGDOM"
14241,"UNITED KINGDOM"
15615,"UNITED KINGDOM"
15780,"UNITED KINGDOM"
14501,"UNITED KINGDOM"
14132,"UNITED KINGDOM"
12483,SWEDEN
16745,"UNITED KINGDOM"
18065,"UNITED KINGDOM"
14967,"UNITED KINGDOM"
15286,"UNITED KINGDOM"
14963,"UNITED KINGDOM"
17832,"UNITED KINGDOM"
14562,"UNITED KINGDOM"
15987,"UNITED KINGDOM"
17677,"UNITED KINGDOM"
13652,"UNITED KINGDOM"
17428,"UNITED KINGDOM"
16858,"UNITED KINGDOM"
16161,"UNITED KINGDOM"
18219,"UNITED KINGDOM"
13429,"UNITED KINGDOM"
13918,"UNITED KINGDOM"
15358,"UNITED KINGDOM"
16918,"UNITED KINGDOM"
12646,USA
16015,"UNITED KINGDOM"
14293,"UNITED KINGDOM"
14748,"UNITED KINGDOM"
12347,ICELAND
12399,BELGIUM
17169,"UNITED KINGDOM"
16638,"UNITED KINGDOM"
17674,"UNITED KINGDOM"
15899,"UNITED KINGDOM"
12708,GERMANY
15898,"UNITED KINGDOM"
17372,"UNITED KINGDOM"
14040,"UNITED KINGDOM"
14913,"UNITED KINGDOM"
15252,"UNITED KINGDOM"
16311,"UNITED KINGDOM"
17463,"UNITED KINGDOM"
17731,"UNITED KINGDOM"
14443,"UNITED KINGDOM"
17691,"UNITED KINGDOM"
17227,"UNITED KINGDOM"
17522,"UNITED KINGDOM"
17800,"UNITED KINGDOM"
13538,"UNITED KINGDOM"
12839,"UNITED KINGDOM"
17086,"UNITED KINGDOM"
17940,"UNITED KINGDOM"
16558,"UNITED KINGDOM"
12778,NETHERLANDS
13397,"UNITED KINGDOM"
15712,"UNITED KINGDOM"
12597,SPAIN
15919,"UNITED KINGDOM"
13497,"UNITED KINGDOM"
15860,"UNITED KINGDOM"
14189,"UNITED KINGDOM"
13157,"UNITED KINGDOM"
15304,"UNITED KINGDOM"
14344,"UNITED KINGDOM"
15051,"UNITED KINGDOM"
16719,"UNITED KINGDOM"
14329,"UNITED KINGDOM"
16113,"UNITED KINGDOM"
15048,"UNITED KINGDOM"
15681,"UNITED KINGDOM"
16779,"UNITED KINGDOM"
13213,"UNITED KINGDOM"
15740,"UNITED KINGDOM"
13974,"UNITED KINGDOM"
16293,"UNITED KINGDOM"
15819,"UNITED KINGDOM"
13709,"UNITED KINGDOM"
15677,"UNITED KINGDOM"
14233,"UNITED KINGDOM"
13171,"UNITED KINGDOM"
14309,"UNITED KINGDOM"
14708,"UNITED KINGDOM"
16898,"UNITED KINGDOM"
12694,FRANCE
12721,FRANCE
14825,"UNITED KINGDOM"
18113,"UNITED KINGDOM"
13969,"UNITED KINGDOM"
14085,"UNITED KINGDOM"
16107,"UNITED KINGDOM"
13900,"UNITED KINGDOM"
16768,"UNITED KINGDOM"
16326,"UNITED KINGDOM"
16066,"UNITED KINGDOM"
16007,"UNITED KINGDOM"
17860,"UNITED KINGDOM"
13155,"UNITED KINGDOM"
17483,"UNITED KINGDOM"
14584,"UNITED KINGDOM"
17634,"UNITED KINGDOM"
15679,"UNITED KINGDOM"
15628,"UNITED KINGDOM"
17115,"UNITED KINGDOM"
15028,"UNITED KINGDOM"
16919,"UNITED KINGDOM"
13686,"UNITED KINGDOM"
13426,"UNITED KINGDOM"
17259,"UNITED KINGDOM"
15000,"UNITED KINGDOM"
17088,"UNITED KINGDOM"
15114,"UNITED KINGDOM"
16581,"UNITED KINGDOM"
15267,"UNITED KINGDOM"
17064,"UNITED KINGDOM"
17019,"UNITED KINGDOM"
16744,"UNITED KINGDOM"
12840,"UNITED KINGDOM"
12643,FRANCE
16767,"UNITED KINGDOM"
17234,"UNITED KINGDOM"
17797,"UNITED KINGDOM"
15882,"UNITED KINGDOM"
16614,"UNITED KINGDOM"
14667,"UNITED KINGDOM"
16710,"UNITED KINGDOM"
16370,"UNITED KINGDOM"
16434,"UNITED KINGDOM"
15584,"UNITED KINGDOM"
13782,"UNITED KINGDOM"
16668,"UNITED KINGDOM"
13533,"UNITED KINGDOM"
16017,"UNITED KINGDOM"
15984,"UNITED KINGDOM"
14487,"UNITED KINGDOM"
16005,"UNITED KINGDOM"
17682,"UNITED KINGDOM"
13471,"UNITED KINGDOM"
16658,"UNITED KINGDOM"
12409,SWITZERLAND
15527,"UNITED KINGDOM"
15411,"UNITED KINGDOM"
14178,"UNITED KINGDOM"
16184,"UNITED KINGDOM"
15356,"UNITED KINGDOM"
14895,"UNITED KINGDOM"
14077,"UNITED KINGDOM"
17223,"UNITED KINGDOM"
18061,"UNITED KINGDOM"
14401,"UNITED KINGDOM"
14415,"UNITED KINGDOM"
13030,"UNITED KINGDOM"
15098,"UNITED KINGDOM"
15632,"UNITED KINGDOM"
15856,"UNITED KINGDOM"
14276,"UNITED KINGDOM"
14450,"UNITED KINGDOM"
18281,"UNITED KINGDOM"
14984,"UNITED KINGDOM"
13232,"UNITED KINGDOM"
14878,"UNITED KINGDOM"
12516,GERMANY
16466,"UNITED KINGDOM"
15194,"UNITED KINGDOM"
16633,"UNITED KINGDOM"
14409,"UNITED KINGDOM"
17265,"UNITED KINGDOM"
13495,"UNITED KINGDOM"
17519,"UNITED KINGDOM"
16686,"UNITED KINGDOM"
17218,"UNITED KINGDOM"
13598,"UNITED KINGDOM"
17812,"UNITED KINGDOM"
15602,"UNITED KINGDOM"
17320,"UNITED KINGDOM"
12913,"UNITED KINGDOM"
17869,"UNITED KINGDOM"
13564,"UNITED KINGDOM"
14071,"UNITED KINGDOM"
18005,"UNITED KINGDOM"
13963,"UNITED KINGDOM"
16794,"UNITED KINGDOM"
17450,"UNITED KINGDOM"
17175,"UNITED KINGDOM"
17470,"UNITED KINGDOM"
13617,"UNITED KINGDOM"
17616,"UNITED KINGDOM"
15649,"UNITED KINGDOM"
16115,"UNITED KINGDOM"
15427,"UNITED KINGDOM"
14907,"UNITED KINGDOM"
16059,"UNITED KINGDOM"
17242,"UNITED KINGDOM"
17131,"UNITED KINGDOM"
17720,"UNITED KINGDOM"
15018,"UNITED KINGDOM"
14733,"UNITED KINGDOM"
14176,"UNITED KINGDOM"
15353,"UNITED KINGDOM"
14823,"UNITED KINGDOM"
18119,"UNITED KINGDOM"
16938,"UNITED KINGDOM"
14282,"UNITED KINGDOM"
17422,"UNITED KINGDOM"
17289,"UNITED KINGDOM"
16018,"UNITED KINGDOM"
13569,"UNITED KINGDOM"
14673,"UNITED KINGDOM"
13488,"UNITED KINGDOM"
16221,"UNITED KINGDOM"
15002,"UNITED KINGDOM"
15965,"UNITED KINGDOM"
15024,"UNITED KINGDOM"
13769,"UNITED KINGDOM"
16904,"UNITED KINGDOM"
16086,"UNITED KINGDOM"
13786,"UNITED KINGDOM"
13173,"UNITED KINGDOM"
15858,"UNITED KINGDOM"
15939,"UNITED KINGDOM"
15180,"UNITED KINGDOM"
14432,"UNITED KINGDOM"
14739,"UNITED KINGDOM"
18069,"UNITED KINGDOM"
17419,"UNITED KINGDOM"
16775,"UNITED KINGDOM"
16306,"UNITED KINGDOM"
16950,"UNITED KINGDOM"
17591,"UNITED KINGDOM"
14397,"UNITED KINGDOM"
15271,"UNITED KINGDOM"
16700,"UNITED KINGDOM"
14035,"UNITED KINGDOM"
13517,"UNITED KINGDOM"
13936,"UNITED KINGDOM"
15022,"UNITED KINGDOM"
16342,"UNITED KINGDOM"
13807,"UNITED KINGDOM"
16125,"UNITED KINGDOM"
15081,"UNITED KINGDOM"
12481,GERMANY
16365,"UNITED KINGDOM"
17870,"UNITED KINGDOM"
14821,"UNITED KINGDOM"
16863,"UNITED KINGDOM"
13267,"UNITED KINGDOM"
14731,"UNITED KINGDOM"
14177,"UNITED KINGDOM"
17111,"UNITED KINGDOM"
12386,AUSTRALIA
13599,"UNITED KINGDOM"
14504,"UNITED KINGDOM"
17836,"UNITED KINGDOM"
14629,"UNITED KINGDOM"
13329,"UNITED KINGDOM"
14744,"UNITED KINGDOM"
17406,"UNITED KINGDOM"
15750,"UNITED KINGDOM"
15436,"UNITED KINGDOM"
13842,"UNITED KINGDOM"
14796,"UNITED KINGDOM"
12732,FRANCE
16205,"UNITED KINGDOM"
12714,FRANCE
12441,FRANCE
14032,"UNITED KINGDOM"
15491,"UNITED KINGDOM"
15625,"UNITED KINGDOM"
15036,"UNITED KINGDOM"
17795,"UNITED KINGDOM"
17975,"UNITED KINGDOM"
16122,"UNITED KINGDOM"
13126,"UNITED KINGDOM"
17725,"UNITED KINGDOM"
16325,"UNITED KINGDOM"
15592,"UNITED KINGDOM"
15973,"UNITED KINGDOM"
15845,"UNITED KINGDOM"
13589,"UNITED KINGDOM"
13552,"UNITED KINGDOM"
14719,"UNITED KINGDOM"
13018,"UNITED KINGDOM"
17027,"UNITED KINGDOM"
16893,"UNITED KINGDOM"
17579,"UNITED KINGDOM"
15021,"UNITED KINGDOM"
15069,"UNITED KINGDOM"
15529,"UNITED KINGDOM"
18043,"UNITED KINGDOM"
17349,"UNITED KINGDOM"
16016,"UNITED KINGDOM"
14607,"UNITED KINGDOM"
15277,"UNITED KINGDOM"
13104,"UNITED KINGDOM"
14019,"UNITED KINGDOM"
16426,"UNITED KINGDOM"
17324,"UNITED KINGDOM"
17341,"UNITED KINGDOM"
13999,"UNITED KINGDOM"
13080,"UNITED KINGDOM"
16987,"UNITED KINGDOM"
13663,"UNITED KINGDOM"
16491,"UNITED KINGDOM"
17236,"UNITED KINGDOM"
14051,"UNITED KINGDOM"
16233,"UNITED KINGDOM"
16385,"UNITED KINGDOM"
17186,"UNITED KINGDOM"
13704,"UNITED KINGDOM"
15032,"UNITED KINGDOM"
16713,"UNITED KINGDOM"
13971,"UNITED KINGDOM"
12826,"UNITED KINGDOM"
14503,"UNITED KINGDOM"
14493,"UNITED KINGDOM"
13523,"UNITED KINGDOM"
15218,"UNITED KINGDOM"
15380,"UNITED KINGDOM"
15482,"UNITED KINGDOM"
17213,"UNITED KINGDOM"
15516,"UNITED KINGDOM"
15215,"UNITED KINGDOM"
15221,"UNITED KINGDOM"
13455,"UNITED KINGDOM"
15719,"UNITED KINGDOM"
13113,"UNITED KINGDOM"
18259,"UNITED KINGDOM"
17676,"UNITED KINGDOM"
18283,"UNITED KINGDOM"
16679,"UNITED KINGDOM"
18269,"UNITED KINGDOM"
12766,PORTUGAL
14764,"UNITED KINGDOM"
16742,"UNITED KINGDOM"
12546,SPAIN
14145,"UNITED KINGDOM"
13476,"UNITED KINGDOM"
15581,"UNITED KINGDOM"
15680,"UNITED KINGDOM"
13808,"UNITED KINGDOM"
13649,"UNITED KINGDOM"
17894,"UNITED KINGDOM"
13270,"UNITED KINGDOM"
13077,"UNITED KINGDOM"
13531,"UNITED KINGDOM"
13848,"UNITED KINGDOM"
13140,"UNITED KINGDOM"
15713,"UNITED KINGDOM"
15142,"UNITED KINGDOM"
17999,"UNITED KINGDOM"
15347,"UNITED KINGDOM"
17644,"UNITED KINGDOM"
15251,"UNITED KINGDOM"
14766,"UNITED KINGDOM"
17340,"UNITED KINGDOM"
14730,"UNITED KINGDOM"
14426,"UNITED KINGDOM"
16712,"UNITED KINGDOM"
16774,"UNITED KINGDOM"
14524,"UNITED KINGDOM"
13384,"UNITED KINGDOM"
14871,"UNITED KINGDOM"
14461,"UNITED KINGDOM"
13984,"UNITED KINGDOM"
15996,"UNITED KINGDOM"
14030,"UNITED KINGDOM"
16596,"UNITED KINGDOM"
17001,"UNITED KINGDOM"
17344,"UNITED KINGDOM"
17655,"UNITED KINGDOM"
16717,"UNITED KINGDOM"
15656,"UNITED KINGDOM"
18240,"UNITED KINGDOM"
17081,"UNITED KINGDOM"
14474,"UNITED KINGDOM"
13720,"UNITED KINGDOM"
15912,"UNITED KINGDOM"
14997,"UNITED KINGDOM"
14139,"UNITED KINGDOM"
15125,"UNITED KINGDOM"
17749,"UNITED KINGDOM"
17423,"UNITED KINGDOM"
17179,"UNITED KINGDOM"
14243,"UNITED KINGDOM"
15079,"UNITED KINGDOM"
14437,"UNITED KINGDOM"
12942,"UNITED KINGDOM"
15660,"UNITED KINGDOM"
14299,"UNITED KINGDOM"
18071,"UNITED KINGDOM"
12755,JAPAN
13854,"UNITED KINGDOM"
12797,PORTUGAL
16782,"UNITED KINGDOM"
14852,"UNITED KINGDOM"
12437,FRANCE
14609,"UNITED KINGDOM"
16444,"UNITED KINGDOM"
17155,"UNITED KINGDOM"
17220,"UNITED KINGDOM"
15134,"UNITED KINGDOM"
17284,"UNITED KINGDOM"
12809,PORTUGAL
15874,"UNITED KINGDOM"
13631,"UNITED KINGDOM"
15801,"UNITED KINGDOM"
14467,"UNITED KINGDOM"
15786,"UNITED KINGDOM"
13369,"UNITED KINGDOM"
12494,FRANCE
17857,"UNITED KINGDOM"
14932,"CHANNEL ISLANDS"
12429,DENMARK
14987,"UNITED KINGDOM"
14355,"UNITED KINGDOM"
17004,"UNITED KINGDOM"
16461,"UNITED KINGDOM"
17526,"UNITED KINGDOM"
14896,"UNITED KINGDOM"
15806,"UNITED KINGDOM"
16728,"UNITED KINGDOM"
14440,"UNITED KINGDOM"
13343,"UNITED KINGDOM"
12624,FRANCE
16644,"UNITED KINGDOM"
13240,"UNITED KINGDOM"
14479,"UNITED KINGDOM"
16065,"UNITED KINGDOM"
17430,"UNITED KINGDOM"
15945,"UNITED KINGDOM"
13102,"UNITED KINGDOM"
13982,"UNITED KINGDOM"
18165,"UNITED KINGDOM"
17536,"UNITED KINGDOM"
15288,"UNITED KINGDOM"
15068,"UNITED KINGDOM"
17978,"UNITED KINGDOM"
16795,"UNITED KINGDOM"
15046,"UNITED KINGDOM"
16519,"UNITED KINGDOM"
17816,"UNITED KINGDOM"
13165,"UNITED KINGDOM"
16523,"UNITED KINGDOM"
16255,"UNITED KINGDOM"
15844,"UNITED KINGDOM"
12877,"UNITED KINGDOM"
13176,"UNITED KINGDOM"
17671,"UNITED KINGDOM"
17646,"UNITED KINGDOM"
12872,"UNITED KINGDOM"
17339,"UNITED KINGDOM"
17272,"UNITED KINGDOM"
17097,SPAIN
16023,"UNITED KINGDOM"
12415,AUSTRALIA
17950,"UNITED KINGDOM"
17456,"UNITED KINGDOM"
15811,"UNITED KINGDOM"
16038,"UNITED KINGDOM"
16324,"UNITED KINGDOM"
18225,"UNITED KINGDOM"
15211,"UNITED KINGDOM"
15596,"UNITED KINGDOM"
16163,"UNITED KINGDOM"
16907,"UNITED KINGDOM"
15864,"UNITED KINGDOM"
17716,"UNITED KINGDOM"
14702,"UNITED KINGDOM"
14222,"UNITED KINGDOM"
13230,"UNITED KINGDOM"
17530,"UNITED KINGDOM"
15585,"UNITED KINGDOM"
14286,"UNITED KINGDOM"
17490,"UNITED KINGDOM"
12471,GERMANY
12476,GERMANY
16739,"UNITED KINGDOM"
13481,"UNITED KINGDOM"
12928,"UNITED KINGDOM"
14844,"UNITED KINGDOM"
16762,"UNITED KINGDOM"
16276,"UNITED KINGDOM"
16145,"UNITED KINGDOM"
17193,"UNITED KINGDOM"
12398,SWITZERLAND
16257,"UNITED KINGDOM"
13082,"UNITED KINGDOM"
17076,"UNITED KINGDOM"
17827,"UNITED KINGDOM"
17446,"UNITED KINGDOM"
16265,"UNITED KINGDOM"
17880,"UNITED KINGDOM"
13000,"UNITED KINGDOM"
16499,"UNITED KINGDOM"
17790,"UNITED KINGDOM"
12484,SPAIN
14419,"UNITED KINGDOM"
14321,"UNITED KINGDOM"
15345,"UNITED KINGDOM"
14289,"UNITED KINGDOM"
16279,"UNITED KINGDOM"
15044,"UNITED KINGDOM"
18147,"UNITED KINGDOM"
18272,"UNITED KINGDOM"
15506,"UNITED KINGDOM"
14735,"UNITED KINGDOM"
14285,"UNITED KINGDOM"
15907,"UNITED KINGDOM"
15861,"UNITED KINGDOM"
14082,"UNITED KINGDOM"
17912,"UNITED KINGDOM"
15723,"UNITED KINGDOM"
16656,"UNITED KINGDOM"
13246,"UNITED KINGDOM"
17642,"UNITED KINGDOM"
14037,"UNITED KINGDOM"
16225,"UNITED KINGDOM"
16571,"UNITED KINGDOM"
12816,POLAND
13826,"UNITED KINGDOM"
13627,"UNITED KINGDOM"
16708,"UNITED KINGDOM"
13575,"UNITED KINGDOM"
14256,"UNITED KINGDOM"
16843,"UNITED KINGDOM"
15443,"UNITED KINGDOM"
16062,"UNITED KINGDOM"
18116,"UNITED KINGDOM"
17368,"UNITED KINGDOM"
16401,"UNITED KINGDOM"
18178,"UNITED KINGDOM"
15963,"UNITED KINGDOM"
14952,"UNITED KINGDOM"
17157,"UNITED KINGDOM"
13148,"UNITED KINGDOM"
18045,"UNITED KINGDOM"
16549,"UNITED KINGDOM"
12562,FRANCE
14755,"UNITED KINGDOM"
12908,"UNITED KINGDOM"
16027,"UNITED KINGDOM"
16852,"UNITED KINGDOM"
17865,"UNITED KINGDOM"
16266,"UNITED KINGDOM"
13951,"UNITED KINGDOM"
15219,"UNITED KINGDOM"
13685,"UNITED KINGDOM"
13340,"UNITED KINGDOM"
13309,"UNITED KINGDOM"
14173,"UNITED KINGDOM"
17917,"UNITED KINGDOM"
17416,"UNITED KINGDOM"
15669,"UNITED KINGDOM"
16258,"UNITED KINGDOM"
12989,"UNITED KINGDOM"
15881,"UNITED KINGDOM"
12785,PORTUGAL
16727,"UNITED KINGDOM"
15514,"UNITED KINGDOM"
13787,"UNITED KINGDOM"
14062,"UNITED KINGDOM"
16565,"UNITED KINGDOM"
16873,"UNITED KINGDOM"
13182,"UNITED KINGDOM"
16359,"UNITED KINGDOM"
17024,"UNITED KINGDOM"
15014,"UNITED KINGDOM"
14765,"UNITED KINGDOM"
17928,"UNITED KINGDOM"
15158,"UNITED KINGDOM"
13028,"UNITED KINGDOM"
12610,ITALY
16110,"UNITED KINGDOM"
14448,"UNITED KINGDOM"
14005,"UNITED KINGDOM"
13456,"UNITED KINGDOM"
13107,"UNITED KINGDOM"
17306,"UNITED KINGDOM"
17139,"UNITED KINGDOM"
15503,"UNITED KINGDOM"
12408,BELGIUM
13871,"UNITED KINGDOM"
13735,"UNITED KINGDOM"
13978,"UNITED KINGDOM"
16201,"UNITED KINGDOM"
16056,"UNITED KINGDOM"
16172,"UNITED KINGDOM"
18079,"UNITED KINGDOM"
15630,"UNITED KINGDOM"
17426,"UNITED KINGDOM"
17251,"UNITED KINGDOM"
14234,"UNITED KINGDOM"
14341,"UNITED KINGDOM"
14482,"UNITED KINGDOM"
14577,"UNITED KINGDOM"
17449,"UNITED KINGDOM"
17126,"UNITED KINGDOM"
14936,"CHANNEL ISLANDS"
13601,"UNITED KINGDOM"
13647,"UNITED KINGDOM"
12753,JAPAN
15181,"UNITED KINGDOM"
12812,JAPAN
15110,"UNITED KINGDOM"
12371,SWITZERLAND
16173,"UNITED KINGDOM"
16966,"UNITED KINGDOM"
13644,"UNITED KINGDOM"
17204,"UNITED KINGDOM"
16071,"UNITED KINGDOM"
16367,"UNITED KINGDOM"
12875,"UNITED KINGDOM"
17282,"UNITED KINGDOM"
15089,"UNITED KINGDOM"
12951,"UNITED KINGDOM"
16208,"UNITED KINGDOM"
15909,"UNITED KINGDOM"
17932,"UNITED KINGDOM"
16010,"UNITED KINGDOM"
17085,"UNITED KINGDOM"
13005,"UNITED KINGDOM"
13618,"UNITED KINGDOM"
16454,"UNITED KINGDOM"
15568,"UNITED KINGDOM"
14754,"UNITED KINGDOM"
14539,"UNITED KINGDOM"
14550,"UNITED KINGDOM"
13097,"UNITED KINGDOM"
16805,"UNITED KINGDOM"
15224,"UNITED KINGDOM"
16188,"UNITED KINGDOM"
14684,"UNITED KINGDOM"
12879,"UNITED KINGDOM"
17712,"UNITED KINGDOM"
14162,"UNITED KINGDOM"
17188,"UNITED KINGDOM"
17769,"UNITED KINGDOM"
15547,"UNITED KINGDOM"
16418,"UNITED KINGDOM"
15998,"UNITED KINGDOM"
16050,"UNITED KINGDOM"
14004,"UNITED KINGDOM"
14413,"UNITED KINGDOM"
14102,"UNITED KINGDOM"
18004,"UNITED KINGDOM"
16750,"UNITED KINGDOM"
13632,"UNITED KINGDOM"
14598,"UNITED KINGDOM"
17564,"UNITED KINGDOM"
12798,JAPAN
13959,"UNITED KINGDOM"
15320,"UNITED KINGDOM"
16665,"UNITED KINGDOM"
15454,"UNITED KINGDOM"
17879,"UNITED KINGDOM"
18230,"UNITED KINGDOM"
17937,"UNITED KINGDOM"
14608,"UNITED KINGDOM"
17618,"UNITED KINGDOM"
13629,"UNITED KINGDOM"
12724,FRANCE
15334,"UNITED KINGDOM"
14505,"UNITED KINGDOM"
12820,"UNITED KINGDOM"
17109,"UNITED KINGDOM"
16415,"UNITED KINGDOM"
12421,SPAIN
13924,"UNITED KINGDOM"
12448,SPAIN
12362,BELGIUM
12450,SPAIN
13568,"UNITED KINGDOM"
18062,"UNITED KINGDOM"
14820,"UNITED KINGDOM"
18059,"UNITED KINGDOM"
12456,SWITZERLAND
16493,"UNITED KINGDOM"
15700,"UNITED KINGDOM"
16332,"UNITED KINGDOM"
18037,"UNITED KINGDOM"
13198,"UNITED KINGDOM"
13524,"UNITED KINGDOM"
12541,SPAIN
17974,"UNITED KINGDOM"
15535,"UNITED KINGDOM"
17299,"UNITED KINGDOM"
14690,"UNITED KINGDOM"
13225,"UNITED KINGDOM"
17557,"UNITED KINGDOM"
15361,"UNITED KINGDOM"
12827,"UNITED KINGDOM"
15689,"UNITED KINGDOM"
15835,"UNITED KINGDOM"
15821,"UNITED KINGDOM"
14290,"UNITED KINGDOM"
13209,"UNITED KINGDOM"
15990,"UNITED KINGDOM"
12837,"UNITED KINGDOM"
15076,"UNITED KINGDOM"
16345,"UNITED KINGDOM"
15854,"UNITED KINGDOM"
17444,CANADA
14194,"UNITED KINGDOM"
16927,"UNITED KINGDOM"
17990,"UNITED KINGDOM"
16915,"UNITED KINGDOM"
15993,"UNITED KINGDOM"
14544,"UNITED KINGDOM"
17338,"UNITED KINGDOM"
17799,"UNITED KINGDOM"
14291,"UNITED KINGDOM"
12948,"UNITED KINGDOM"
14379,"UNITED KINGDOM"
16670,"UNITED KINGDOM"
15921,"UNITED KINGDOM"
17895,"UNITED KINGDOM"
15948,"UNITED KINGDOM"
15747,"UNITED KINGDOM"
13416,"UNITED KINGDOM"
14701,"UNITED KINGDOM"
15410,"UNITED KINGDOM"
15840,"UNITED KINGDOM"
15016,"UNITED KINGDOM"
12523,FRANCE
15659,"UNITED KINGDOM"
18260,"UNITED KINGDOM"
17613,"UNITED KINGDOM"
14808,"UNITED KINGDOM"
15791,"UNITED KINGDOM"
14565,"UNITED KINGDOM"
16726,"UNITED KINGDOM"
13988,"UNITED KINGDOM"
18154,"UNITED KINGDOM"
12630,FINLAND
13363,"UNITED KINGDOM"
13815,GERMANY
17303,"UNITED KINGDOM"
17611,"UNITED KINGDOM"
17524,"UNITED KINGDOM"
17293,"UNITED KINGDOM"
18276,"UNITED KINGDOM"
17684,"UNITED KINGDOM"
17878,"UNITED KINGDOM"
14560,"UNITED KINGDOM"
14752,"UNITED KINGDOM"
17890,"UNITED KINGDOM"
16232,"UNITED KINGDOM"
12904,"UNITED KINGDOM"
16009,"UNITED KINGDOM"
15145,"UNITED KINGDOM"
14842,"UNITED KINGDOM"
17375,"UNITED KINGDOM"
15825,"UNITED KINGDOM"
12432,NORWAY
17371,"UNITED KINGDOM"
13882,"UNITED KINGDOM"
17969,"UNITED KINGDOM"
18223,"UNITED KINGDOM"
17459,"UNITED KINGDOM"
16847,"UNITED KINGDOM"
14971,"UNITED KINGDOM"
12490,FRANCE
13717,"UNITED KINGDOM"
16320,UNSPECIFIED
15389,"UNITED KINGDOM"
17588,"UNITED KINGDOM"
15280,"UNITED KINGDOM"
18211,"UNITED KINGDOM"
14099,"UNITED KINGDOM"
14625,"UNITED KINGDOM"
17545,"UNITED KINGDOM"
17159,"UNITED KINGDOM"
15329,"UNITED KINGDOM"
17629,"UNITED KINGDOM"
13211,"UNITED KINGDOM"
15777,"UNITED KINGDOM"
13324,"UNITED KINGDOM"
13948,"UNITED KINGDOM"
16202,"UNITED KINGDOM"
16442,"UNITED KINGDOM"
18075,"UNITED KINGDOM"
16026,"UNITED KINGDOM"
12830,"UNITED KINGDOM"
15507,"UNITED KINGDOM"
14110,"UNITED KINGDOM"
16526,"UNITED KINGDOM"
12536,FRANCE
17695,"UNITED KINGDOM"
17173,"UNITED KINGDOM"
14460,"UNITED KINGDOM"
14961,"UNITED KINGDOM"
16394,"UNITED KINGDOM"
14441,"UNITED KINGDOM"
12930,"UNITED KINGDOM"
14960,"UNITED KINGDOM"
12444,NORWAY
17041,"UNITED KINGDOM"
15707,"UNITED KINGDOM"
14239,"UNITED KINGDOM"
16513,"UNITED KINGDOM"
12626,GERMANY
17960,"UNITED KINGDOM"
12430,NORWAY
14175,"UNITED KINGDOM"
13178,"UNITED KINGDOM"
16083,"UNITED KINGDOM"
17194,"UNITED KINGDOM"
14057,"UNITED KINGDOM"
18044,"UNITED KINGDOM"
16416,"UNITED KINGDOM"
18261,"UNITED KINGDOM"
16812,"UNITED KINGDOM"
16688,"UNITED KINGDOM"
14357,"UNITED KINGDOM"
13654,"UNITED KINGDOM"
13750,"UNITED KINGDOM"
15412,"UNITED KINGDOM"
16855,"UNITED KINGDOM"
13147,"UNITED KINGDOM"
12933,"UNITED KINGDOM"
15622,"UNITED KINGDOM"
12952,"UNITED KINGDOM"
15606,"UNITED KINGDOM"
12674,FRANCE
17158,"UNITED KINGDOM"
16114,"UNITED KINGDOM"
16180,"UNITED KINGDOM"
16899,"UNITED KINGDOM"
14716,"UNITED KINGDOM"
15804,"UNITED KINGDOM"
14463,"UNITED KINGDOM"
12684,FRANCE
16214,"UNITED KINGDOM"
13420,"UNITED KINGDOM"
13780,"UNITED KINGDOM"
18155,"UNITED KINGDOM"
16680,"UNITED KINGDOM"
18035,"UNITED KINGDOM"
16438,"UNITED KINGDOM"
15059,"UNITED KINGDOM"
13611,"UNITED KINGDOM"
16531,"UNITED KINGDOM"
17404,SWEDEN
13477,"UNITED KINGDOM"
16556,"UNITED KINGDOM"
16503,"UNITED KINGDOM"
16553,"UNITED KINGDOM"
17739,"UNITED KINGDOM"
13238,"UNITED KINGDOM"
14092,"UNITED KINGDOM"
17877,"UNITED KINGDOM"
17585,"UNITED KINGDOM"
12829,"UNITED KINGDOM"
15810,"UNITED KINGDOM"
15392,"UNITED KINGDOM"
17602,"UNITED KINGDOM"
13846,"UNITED KINGDOM"
17669,"UNITED KINGDOM"
12867,"UNITED KINGDOM"
16247,"UNITED KINGDOM"
16566,"UNITED KINGDOM"
14643,"UNITED KINGDOM"
14640,"UNITED KINGDOM"
15550,"UNITED KINGDOM"
15041,"UNITED KINGDOM"
12379,BELGIUM
14150,"UNITED KINGDOM"
13496,"UNITED KINGDOM"
14738,"UNITED KINGDOM"
14998,"UNITED KINGDOM"
16648,"UNITED KINGDOM"
14359,"UNITED KINGDOM"
17736,"UNITED KINGDOM"
16954,"UNITED KINGDOM"
13993,"UNITED KINGDOM"
16164,"UNITED KINGDOM"
17454,"UNITED KINGDOM"
13295,"UNITED KINGDOM"
17230,"UNITED KINGDOM"
15384,"UNITED KINGDOM"
16287,"UNITED KINGDOM"
18287,"UNITED KINGDOM"
14218,"UNITED KINGDOM"
13881,"UNITED KINGDOM"
12919,"UNITED KINGDOM"
15096,"UNITED KINGDOM"
14412,"UNITED KINGDOM"
15950,"UNITED KINGDOM"
14854,"UNITED KINGDOM"
15512,"UNITED KINGDOM"
17525,"UNITED KINGDOM"
16003,"UNITED KINGDOM"
15130,"UNITED KINGDOM"
13092,"UNITED KINGDOM"
12704,FINLAND
13268,"UNITED KINGDOM"
16806,"UNITED KINGDOM"
16647,"UNITED KINGDOM"
17370,"UNITED KINGDOM"
15101,"UNITED KINGDOM"
17033,"UNITED KINGDOM"
13221,"UNITED KINGDOM"
17709,"UNITED KINGDOM"
17630,"UNITED KINGDOM"
15253,"UNITED KINGDOM"
17692,"UNITED KINGDOM"
15822,"UNITED KINGDOM"
16134,"UNITED KINGDOM"
17551,"UNITED KINGDOM"
18050,"UNITED KINGDOM"
15641,"UNITED KINGDOM"
13124,"UNITED KINGDOM"
17214,"UNITED KINGDOM"
15456,"UNITED KINGDOM"
15062,"UNITED KINGDOM"
13300,"UNITED KINGDOM"
15727,"UNITED KINGDOM"
17980,"UNITED KINGDOM"
15290,"UNITED KINGDOM"
17752,"UNITED KINGDOM"
17759,"UNITED KINGDOM"
12465,BELGIUM
16764,"UNITED KINGDOM"
14656,"UNITED KINGDOM"
12412,DENMARK
17418,"UNITED KINGDOM"
15228,"UNITED KINGDOM"
14818,"UNITED KINGDOM"
12577,FRANCE
17314,"UNITED KINGDOM"
13014,"UNITED KINGDOM"
17189,"UNITED KINGDOM"
13929,"UNITED KINGDOM"
17496,"UNITED KINGDOM"
12697,SWEDEN
16607,"UNITED KINGDOM"
13317,"UNITED KINGDOM"
15246,"UNITED KINGDOM"
13021,"UNITED KINGDOM"
16037,"UNITED KINGDOM"
16985,"UNITED KINGDOM"
14414,"UNITED KINGDOM"
15563,"UNITED KINGDOM"
18017,"UNITED KINGDOM"
16102,"UNITED KINGDOM"
13937,"UNITED KINGDOM"
15530,"UNITED KINGDOM"
16746,"UNITED KINGDOM"
17848,"UNITED KINGDOM"
12895,"UNITED KINGDOM"
18030,"UNITED KINGDOM"
13812,GERMANY
16175,"UNITED KINGDOM"
12705,GERMANY
16743,"UNITED KINGDOM"
17146,"UNITED KINGDOM"
16554,"UNITED KINGDOM"
17351,"UNITED KINGDOM"
14416,"UNITED KINGDOM"
15394,"UNITED KINGDOM"
16049,"UNITED KINGDOM"
18257,"UNITED KINGDOM"
17704,"UNITED KINGDOM"
17837,"UNITED KINGDOM"
17061,"UNITED KINGDOM"
17288,"UNITED KINGDOM"
15157,"UNITED KINGDOM"
17839,"UNITED KINGDOM"
17744,"UNITED KINGDOM"
16316,"UNITED KINGDOM"
12657,FRANCE
14541,"UNITED KINGDOM"
15981,"UNITED KINGDOM"
17979,"UNITED KINGDOM"
15620,"UNITED KINGDOM"
15789,"UNITED KINGDOM"
15370,"UNITED KINGDOM"
16601,"UNITED KINGDOM"
16560,"UNITED KINGDOM"
17580,"UNITED KINGDOM"
15759,"UNITED KINGDOM"
14373,"UNITED KINGDOM"
18176,"UNITED KINGDOM"
15366,"UNITED KINGDOM"
16271,"UNITED KINGDOM"
15532,"UNITED KINGDOM"
15128,"UNITED KINGDOM"
12912,"UNITED KINGDOM"
16816,"UNITED KINGDOM"
14334,"UNITED KINGDOM"
17018,"UNITED KINGDOM"
14546,"UNITED KINGDOM"
16419,"UNITED KINGDOM"
15258,"UNITED KINGDOM"
13278,"UNITED KINGDOM"
16945,"UNITED KINGDOM"
12422,SWITZERLAND
15197,"UNITED KINGDOM"
14220,"UNITED KINGDOM"
13870,"UNITED KINGDOM"
13874,"UNITED KINGDOM"
13425,"UNITED KINGDOM"
17392,"UNITED KINGDOM"
12348,FINLAND
12615,FRANCE
15850,"UNITED KINGDOM"
15027,"UNITED KINGDOM"
15186,"UNITED KINGDOM"
15665,"UNITED KINGDOM"
14582,"UNITED KINGDOM"
13566,"UNITED KINGDOM"
16395,"UNITED KINGDOM"
14985,"UNITED KINGDOM"
13791,"UNITED KINGDOM"
17609,"UNITED KINGDOM"
12370,AUSTRIA
12931,"UNITED KINGDOM"
17255,"UNITED KINGDOM"
12551,SPAIN
13137,"UNITED KINGDOM"
12782,PORTUGAL
14769,"UNITED KINGDOM"
14837,"UNITED KINGDOM"
16711,"UNITED KINGDOM"
15865,"UNITED KINGDOM"
15204,"UNITED KINGDOM"
17888,"UNITED KINGDOM"
15160,"UNITED KINGDOM"
14016,EIRE
13033,"UNITED KINGDOM"
15748,"UNITED KINGDOM"
12691,FRANCE
13869,"UNITED KINGDOM"
14456,"UNITED KINGDOM"
14146,"UNITED KINGDOM"
17323,"UNITED KINGDOM"
13505,SWITZERLAND
16079,"UNITED KINGDOM"
14710,"UNITED KINGDOM"
14795,"UNITED KINGDOM"
16361,"UNITED KINGDOM"
14507,"UNITED KINGDOM"
17913,"UNITED KINGDOM"
17593,"UNITED KINGDOM"
12668,GERMANY
17358,"UNITED KINGDOM"
17768,"UNITED KINGDOM"
18112,"UNITED KINGDOM"
15521,"UNITED KINGDOM"
14653,"UNITED KINGDOM"
15644,"UNITED KINGDOM"
18245,"UNITED KINGDOM"
14572,"UNITED KINGDOM"
17590,"UNITED KINGDOM"
12548,SPAIN
17343,"UNITED KINGDOM"
12377,SWITZERLAND
12944,"UNITED KINGDOM"
15279,"UNITED KINGDOM"
17447,"UNITED KINGDOM"
15478,"UNITED KINGDOM"
17114,"UNITED KINGDOM"
13421,"UNITED KINGDOM"
17183,"UNITED KINGDOM"
15054,"UNITED KINGDOM"
13453,"UNITED KINGDOM"
16570,"UNITED KINGDOM"
15834,"UNITED KINGDOM"
14113,"UNITED KINGDOM"
13027,"UNITED KINGDOM"
12493,FRANCE
15376,"UNITED KINGDOM"
14158,"UNITED KINGDOM"
15312,"UNITED KINGDOM"
17386,"UNITED KINGDOM"
15385,"UNITED KINGDOM"
17621,"UNITED KINGDOM"
17373,"UNITED KINGDOM"
13949,"UNITED KINGDOM"
14104,"UNITED KINGDOM"
17110,"UNITED KINGDOM"
15976,"UNITED KINGDOM"
12364,BELGIUM
18193,"UNITED KINGDOM"
16506,"UNITED KINGDOM"
14295,"UNITED KINGDOM"
13822,"UNITED KINGDOM"
18097,"UNITED KINGDOM"
14112,"UNITED KINGDOM"
18067,"UNITED KINGDOM"
15460,"UNITED KINGDOM"
16190,"UNITED KINGDOM"
16242,"UNITED KINGDOM"
15932,"UNITED KINGDOM"
14167,"UNITED KINGDOM"
15034,"UNITED KINGDOM"
12423,BELGIUM
15208,"UNITED KINGDOM"
16996,"UNITED KINGDOM"
15444,"UNITED KINGDOM"
14737,"UNITED KINGDOM"
13029,"UNITED KINGDOM"
16473,"UNITED KINGDOM"
16270,"UNITED KINGDOM"
13895,"UNITED KINGDOM"
13656,"UNITED KINGDOM"
16545,"UNITED KINGDOM"
14481,"UNITED KINGDOM"
16671,"UNITED KINGDOM"
15065,"UNITED KINGDOM"
13487,"UNITED KINGDOM"
14351,"UNITED KINGDOM"
15146,"UNITED KINGDOM"
16877,"UNITED KINGDOM"
17391,"UNITED KINGDOM"
12599,FRANCE
13607,"UNITED KINGDOM"
17442,"UNITED KINGDOM"
16824,"UNITED KINGDOM"
12581,GERMANY
15360,"UNITED KINGDOM"
13103,"UNITED KINGDOM"
12515,ITALY
14292,"UNITED KINGDOM"
17400,"UNITED KINGDOM"
16836,"UNITED KINGDOM"
14533,"UNITED KINGDOM"
12571,FRANCE
13813,GERMANY
12734,FRANCE
13614,"UNITED KINGDOM"
14532,"UNITED KINGDOM"
15562,"UNITED KINGDOM"
13922,"UNITED KINGDOM"
12488,FRANCE
15667,"UNITED KINGDOM"
13817,GERMANY
13994,"UNITED KINGDOM"
12585,GERMANY
17750,"UNITED KINGDOM"
15793,"UNITED KINGDOM"
14883,"UNITED KINGDOM"
16200,"UNITED KINGDOM"
13304,"UNITED KINGDOM"
17997,"UNITED KINGDOM"
14383,"UNITED KINGDOM"
13461,"UNITED KINGDOM"
17702,"UNITED KINGDOM"
13313,"UNITED KINGDOM"
16875,"UNITED KINGDOM"
13186,"UNITED KINGDOM"
13544,"UNITED KINGDOM"
17408,"UNITED KINGDOM"
15537,"UNITED KINGDOM"
16282,"UNITED KINGDOM"
17063,"UNITED KINGDOM"
14327,"UNITED KINGDOM"
16801,"UNITED KINGDOM"
13651,"UNITED KINGDOM"
12552,ITALY
18171,"UNITED KINGDOM"
16169,"UNITED KINGDOM"
14267,"UNITED KINGDOM"
13680,"UNITED KINGDOM"
12909,"UNITED KINGDOM"
17777,"UNITED KINGDOM"
15164,"UNITED KINGDOM"
17457,"UNITED KINGDOM"
12856,"UNITED KINGDOM"
14553,"UNITED KINGDOM"
13253,"UNITED KINGDOM"
12424,AUSTRALIA
15841,"UNITED KINGDOM"
13593,"UNITED KINGDOM"
15578,"UNITED KINGDOM"
13282,"UNITED KINGDOM"
16112,"UNITED KINGDOM"
16600,"UNITED KINGDOM"
14803,"UNITED KINGDOM"
12524,GERMANY
16475,"UNITED KINGDOM"
13203,"UNITED KINGDOM"
16127,"UNITED KINGDOM"
15661,"UNITED KINGDOM"
16532,"UNITED KINGDOM"
16045,"UNITED KINGDOM"
13745,"UNITED KINGDOM"
15266,"UNITED KINGDOM"
16357,"UNITED KINGDOM"
16771,"UNITED KINGDOM"
17921,"UNITED KINGDOM"
17930,"UNITED KINGDOM"
16498,"UNITED KINGDOM"
15464,"UNITED KINGDOM"
17891,"UNITED KINGDOM"
16317,"UNITED KINGDOM"
13492,SWITZERLAND
17667,"UNITED KINGDOM"
14868,"UNITED KINGDOM"
17123,"UNITED KINGDOM"
12598,FRANCE
14618,"UNITED KINGDOM"
16866,"UNITED KINGDOM"
14258,"UNITED KINGDOM"
13730,"UNITED KINGDOM"
17505,"UNITED KINGDOM"
13368,"UNITED KINGDOM"
15483,"UNITED KINGDOM"
12710,GERMANY
16589,"UNITED KINGDOM"
14338,"UNITED KINGDOM"
13450,"UNITED KINGDOM"
13285,"UNITED KINGDOM"
17988,"UNITED KINGDOM"
12922,"UNITED KINGDOM"
12588,FINLAND
15977,"UNITED KINGDOM"
16676,"UNITED KINGDOM"
17733,"UNITED KINGDOM"
13697,"UNITED KINGDOM"
17166,"UNITED KINGDOM"
14345,"UNITED KINGDOM"
12735,FRANCE
13764,"UNITED KINGDOM"
13292,"UNITED KINGDOM"
12413,FRANCE
13726,"UNITED KINGDOM"
17503,"UNITED KINGDOM"
16830,"UNITED KINGDOM"
16960,"UNITED KINGDOM"
14995,"UNITED KINGDOM"
17495,"UNITED KINGDOM"
15518,"UNITED KINGDOM"
12491,FRANCE
13280,"UNITED KINGDOM"
14485,"UNITED KINGDOM"
14053,"UNITED KINGDOM"
17939,"UNITED KINGDOM"
13187,"UNITED KINGDOM"
13868,"UNITED KINGDOM"
16567,"UNITED KINGDOM"
14828,"UNITED KINGDOM"
12530,GERMANY
16551,"UNITED KINGDOM"
16360,"UNITED KINGDOM"
16889,"UNITED KINGDOM"
17312,"UNITED KINGDOM"
13833,"UNITED KINGDOM"
15952,"UNITED KINGDOM"
17899,"UNITED KINGDOM"
12501,GERMANY
17105,"UNITED KINGDOM"
15007,"UNITED KINGDOM"
17781,"UNITED KINGDOM"
15607,"UNITED KINGDOM"
15139,"UNITED KINGDOM"
17160,"UNITED KINGDOM"
14049,"UNITED KINGDOM"
12489,FRANCE
13373,"UNITED KINGDOM"
18270,"UNITED KINGDOM"
13901,"UNITED KINGDOM"
15423,"UNITED KINGDOM"
17765,"UNITED KINGDOM"
17464,"UNITED KINGDOM"
15847,"UNITED KINGDOM"
13301,"UNITED KINGDOM"
17668,"UNITED KINGDOM"
13233,"UNITED KINGDOM"
14889,"UNITED KINGDOM"
12480,GERMANY
14672,"UNITED KINGDOM"
18265,"UNITED KINGDOM"
16861,"UNITED KINGDOM"
16344,"UNITED KINGDOM"
12619,GERMANY
13183,"UNITED KINGDOM"
17095,"UNITED KINGDOM"
12939,"UNITED KINGDOM"
13338,"UNITED KINGDOM"
16971,"UNITED KINGDOM"
16837,"UNITED KINGDOM"
15785,"UNITED KINGDOM"
17469,"UNITED KINGDOM"
18177,"UNITED KINGDOM"
14235,"UNITED KINGDOM"
18232,"UNITED KINGDOM"
13489,"UNITED KINGDOM"
17128,"UNITED KINGDOM"
17813,"UNITED KINGDOM"
14761,"UNITED KINGDOM"
17555,"UNITED KINGDOM"
17653,"UNITED KINGDOM"
12651,FRANCE
16352,"UNITED KINGDOM"
14223,"UNITED KINGDOM"
16884,"UNITED KINGDOM"
15830,"UNITED KINGDOM"
16735,"UNITED KINGDOM"
16833,"UNITED KINGDOM"
13085,"UNITED KINGDOM"
17663,"UNITED KINGDOM"
14216,"UNITED KINGDOM"
15275,"UNITED KINGDOM"
12428,FINLAND
16748,"UNITED KINGDOM"
14905,"UNITED KINGDOM"
15549,"UNITED KINGDOM"
13414,"UNITED KINGDOM"
14262,"UNITED KINGDOM"
14034,"UNITED KINGDOM"
13565,"UNITED KINGDOM"
18203,"UNITED KINGDOM"
18142,"UNITED KINGDOM"
16616,"UNITED KINGDOM"
16338,"UNITED KINGDOM"
16146,"UNITED KINGDOM"
17046,"UNITED KINGDOM"
18032,"UNITED KINGDOM"
13109,"UNITED KINGDOM"
13451,"UNITED KINGDOM"
12637,FRANCE
14352,"UNITED KINGDOM"
14645,"UNITED KINGDOM"
14794,"UNITED KINGDOM"
12539,SPAIN
16790,"UNITED KINGDOM"
16308,"UNITED KINGDOM"
16747,"UNITED KINGDOM"
16350,"UNITED KINGDOM"
15576,"UNITED KINGDOM"
18105,"UNITED KINGDOM"
16014,"UNITED KINGDOM"
15673,"UNITED KINGDOM"
17410,"UNITED KINGDOM"
16829,"UNITED KINGDOM"
17754,"UNITED KINGDOM"
16043,"UNITED KINGDOM"
17440,"UNITED KINGDOM"
18164,"UNITED KINGDOM"
13217,"UNITED KINGDOM"
14974,"UNITED KINGDOM"
16850,"UNITED KINGDOM"
17947,"UNITED KINGDOM"
15326,"UNITED KINGDOM"
17849,"UNITED KINGDOM"
17705,"UNITED KINGDOM"
15053,"UNITED KINGDOM"
17861,"UNITED KINGDOM"
13318,"UNITED KINGDOM"
13316,"UNITED KINGDOM"
13904,"UNITED KINGDOM"
16706,"UNITED KINGDOM"
16379,"UNITED KINGDOM"
12700,FRANCE
18104,"UNITED KINGDOM"
16303,"UNITED KINGDOM"
14002,"UNITED KINGDOM"
13804,"UNITED KINGDOM"
17045,"UNITED KINGDOM"
13271,"UNITED KINGDOM"
12977,"UNITED KINGDOM"
18263,"UNITED KINGDOM"
15281,"UNITED KINGDOM"
12507,SPAIN
13291,"UNITED KINGDOM"
13583,"UNITED KINGDOM"
15249,"UNITED KINGDOM"
12736,FRANCE
13473,"UNITED KINGDOM"
14320,"UNITED KINGDOM"
12393,AUSTRALIA
17742,"UNITED KINGDOM"
16351,"UNITED KINGDOM"
16929,"UNITED KINGDOM"
17892,"UNITED KINGDOM"
13144,"UNITED KINGDOM"
15346,"UNITED KINGDOM"
12654,GERMANY
16034,"UNITED KINGDOM"
15414,"UNITED KINGDOM"
17595,"UNITED KINGDOM"
14528,"UNITED KINGDOM"
13158,"UNITED KINGDOM"
17432,"UNITED KINGDOM"
15651,"UNITED KINGDOM"
14459,"UNITED KINGDOM"
14669,"UNITED KINGDOM"
18095,"UNITED KINGDOM"
18013,"UNITED KINGDOM"
13208,"UNITED KINGDOM"
17560,"UNITED KINGDOM"
13681,"UNITED KINGDOM"
15749,"UNITED KINGDOM"
13743,"UNITED KINGDOM"
16337,"UNITED KINGDOM"
14209,"UNITED KINGDOM"
14098,"UNITED KINGDOM"
16042,"UNITED KINGDOM"
15569,"UNITED KINGDOM"
16128,"UNITED KINGDOM"
12728,FRANCE
13672,"UNITED KINGDOM"
13636,"UNITED KINGDOM"
17569,"UNITED KINGDOM"
16791,"UNITED KINGDOM"
14021,"UNITED KINGDOM"
14270,"UNITED KINGDOM"
13699,"UNITED KINGDOM"
13486,"UNITED KINGDOM"
16842,"UNITED KINGDOM"
13302,"UNITED KINGDOM"
16012,"UNITED KINGDOM"
15416,"UNITED KINGDOM"
17107,"UNITED KINGDOM"
13728,"UNITED KINGDOM"
14815,"UNITED KINGDOM"
14715,"UNITED KINGDOM"
15227,"UNITED KINGDOM"
16992,"UNITED KINGDOM"
16678,"UNITED KINGDOM"
15675,"UNITED KINGDOM"
15551,"UNITED KINGDOM"
14657,"UNITED KINGDOM"
14185,"UNITED KINGDOM"
12635,GERMANY
12652,FRANCE
16091,"UNITED KINGDOM"
14514,"UNITED KINGDOM"
13168,"UNITED KINGDOM"
16347,"UNITED KINGDOM"
17031,"UNITED KINGDOM"
18205,"UNITED KINGDOM"
17042,"UNITED KINGDOM"
14264,"UNITED KINGDOM"
12461,SWITZERLAND
15171,"UNITED KINGDOM"
12648,GERMANY
17048,"UNITED KINGDOM"
17364,"UNITED KINGDOM"
13284,"UNITED KINGDOM"
12553,FRANCE
18121,"UNITED KINGDOM"
15901,"UNITED KINGDOM"
14918,"UNITED KINGDOM"
16500,"UNITED KINGDOM"
18190,"UNITED KINGDOM"
14114,"UNITED KINGDOM"
15447,"UNITED KINGDOM"
16315,"UNITED KINGDOM"
14978,"UNITED KINGDOM"
15510,"UNITED KINGDOM"
13721,"UNITED KINGDOM"
16322,"UNITED KINGDOM"
12352,NORWAY
15182,"UNITED KINGDOM"
14856,"UNITED KINGDOM"
15612,"UNITED KINGDOM"
15920,"UNITED KINGDOM"
16398,"UNITED KINGDOM"
17403,"UNITED KINGDOM"
16914,"UNITED KINGDOM"
12578,ITALY
16333,"UNITED KINGDOM"
12672,FRANCE
14188,"UNITED KINGDOM"
16602,"UNITED KINGDOM"
17353,"UNITED KINGDOM"
13955,"UNITED KINGDOM"
13385,"UNITED KINGDOM"
14636,"UNITED KINGDOM"
12544,SPAIN
15626,"UNITED KINGDOM"
13914,"UNITED KINGDOM"
15756,"UNITED KINGDOM"
13064,"UNITED KINGDOM"
15213,"UNITED KINGDOM"
18106,"UNITED KINGDOM"
16283,"UNITED KINGDOM"
14428,"UNITED KINGDOM"
18024,"UNITED KINGDOM"
18081,"UNITED KINGDOM"
17481,"UNITED KINGDOM"
16409,"UNITED KINGDOM"
13467,"UNITED KINGDOM"
16206,"UNITED KINGDOM"
17221,"UNITED KINGDOM"
13500,"UNITED KINGDOM"
17078,"UNITED KINGDOM"
15467,"UNITED KINGDOM"
14163,"UNITED KINGDOM"
12924,"UNITED KINGDOM"
13048,"UNITED KINGDOM"
13634,"UNITED KINGDOM"
16174,"UNITED KINGDOM"
13678,"UNITED KINGDOM"
12664,FINLAND
13592,"UNITED KINGDOM"
12397,BELGIUM
13447,"UNITED KINGDOM"
12576,POLAND
17348,"UNITED KINGDOM"
15045,"UNITED KINGDOM"
13754,"UNITED KINGDOM"
13058,"UNITED KINGDOM"
14976,"UNITED KINGDOM"
12388,AUSTRALIA
13527,"UNITED KINGDOM"
15696,"UNITED KINGDOM"
15316,"UNITED KINGDOM"
12673,GERMANY
17164,"UNITED KINGDOM"
14552,"UNITED KINGDOM"
13675,"UNITED KINGDOM"
13003,"UNITED KINGDOM"
18122,"UNITED KINGDOM"
16572,"UNITED KINGDOM"
18172,"UNITED KINGDOM"
13394,"UNITED KINGDOM"
14101,"UNITED KINGDOM"
13224,"UNITED KINGDOM"
14238,"UNITED KINGDOM"
15265,"UNITED KINGDOM"
12717,GREECE
17337,"UNITED KINGDOM"
15010,"UNITED KINGDOM"
13859,"UNITED KINGDOM"
18212,"UNITED KINGDOM"
18022,"UNITED KINGDOM"
15577,"UNITED KINGDOM"
16989,"UNITED KINGDOM"
12669,FRANCE
18233,"UNITED KINGDOM"
14242,"UNITED KINGDOM"
16609,"UNITED KINGDOM"
12358,AUSTRIA
12356,PORTUGAL
12346,"UNITED KINGDOM"
13549,"UNITED KINGDOM"
13898,"UNITED KINGDOM"
16948,"UNITED KINGDOM"
13207,"UNITED KINGDOM"
16997,"UNITED KINGDOM"
12527,GERMANY
15395,"UNITED KINGDOM"
12722,FRANCE
14548,"UNITED KINGDOM"
17268,"UNITED KINGDOM"
17405,"UNITED KINGDOM"
13311,"UNITED KINGDOM"
16318,"UNITED KINGDOM"
12510,SPAIN
17274,"UNITED KINGDOM"
12665,GERMANY
12451,SWITZERLAND
12422,AUSTRALIA
15597,"UNITED KINGDOM"
16998,"UNITED KINGDOM"
13911,"UNITED KINGDOM"
14090,"UNITED KINGDOM"
18167,"UNITED KINGDOM"
17233,"UNITED KINGDOM"
16887,"UNITED KINGDOM"
15676,"UNITED KINGDOM"
15895,"UNITED KINGDOM"
16555,"UNITED KINGDOM"
14916,"UNITED KINGDOM"
15795,"UNITED KINGDOM"
15561,"UNITED KINGDOM"
15493,"UNITED KINGDOM"
16450,"UNITED KINGDOM"
13310,"UNITED KINGDOM"
12464,BELGIUM
15831,"UNITED KINGDOM"
13938,"UNITED KINGDOM"
17084,"UNITED KINGDOM"
12528,GERMANY
14502,"UNITED KINGDOM"
13502,"UNITED KINGDOM"
14784,"UNITED KINGDOM"
15938,"UNITED KINGDOM"
12935,"UNITED KINGDOM"
13149,"UNITED KINGDOM"
14779,"UNITED KINGDOM"
16321,AUSTRALIA
15262,"UNITED KINGDOM"
13667,"UNITED KINGDOM"
17862,"UNITED KINGDOM"
14400,"UNITED KINGDOM"
12405,FINLAND
12402,BELGIUM
17771,"UNITED KINGDOM"
17703,"UNITED KINGDOM"
14592,"UNITED KINGDOM"
15422,"UNITED KINGDOM"
13008,"UNITED KINGDOM"
14770,"UNITED KINGDOM"
14265,UNSPECIFIED
17738,"UNITED KINGDOM"
13012,"UNITED KINGDOM"
13577,"UNITED KINGDOM"
12653,ISRAEL
14847,"UNITED KINGDOM"
14862,"UNITED KINGDOM"
16912,"UNITED KINGDOM"
15174,"UNITED KINGDOM"
14882,"UNITED KINGDOM"
17504,"UNITED KINGDOM"
16657,"UNITED KINGDOM"
16488,"UNITED KINGDOM"
15256,"UNITED KINGDOM"
15402,"UNITED KINGDOM"
15017,"UNITED KINGDOM"
16387,"UNITED KINGDOM"
16618,"UNITED KINGDOM"
17277,"UNITED KINGDOM"
15745,"UNITED KINGDOM"
17094,"UNITED KINGDOM"
12882,"UNITED KINGDOM"
17387,"UNITED KINGDOM"
15571,"UNITED KINGDOM"
13772,"UNITED KINGDOM"
14692,"UNITED KINGDOM"
13933,"UNITED KINGDOM"
12970,"UNITED KINGDOM"
13515,"UNITED KINGDOM"
14857,"UNITED KINGDOM"
17889,"UNITED KINGDOM"
17714,"UNITED KINGDOM"
12916,"UNITED KINGDOM"
15306,"UNITED KINGDOM"
16040,"UNITED KINGDOM"
15839,"UNITED KINGDOM"
16085,"UNITED KINGDOM"
13659,"UNITED KINGDOM"
15167,"UNITED KINGDOM"
17554,"UNITED KINGDOM"
13727,"UNITED KINGDOM"
12815,POLAND
14224,"UNITED KINGDOM"
14332,"UNITED KINGDOM"
13381,"UNITED KINGDOM"
14676,"UNITED KINGDOM"
17266,"UNITED KINGDOM"
17948,"UNITED KINGDOM"
13532,"UNITED KINGDOM"
15004,"UNITED KINGDOM"
14068,"UNITED KINGDOM"
13068,"UNITED KINGDOM"
14368,"UNITED KINGDOM"
16243,"UNITED KINGDOM"
15497,"UNITED KINGDOM"
16445,"UNITED KINGDOM"
13365,"UNITED KINGDOM"
14722,"UNITED KINGDOM"
12559,GERMANY
13819,"UNITED KINGDOM"
14782,"UNITED KINGDOM"
14439,GREECE
18161,"UNITED KINGDOM"
14013,"UNITED KINGDOM"
15820,"UNITED KINGDOM"
18136,"UNITED KINGDOM"
16660,"UNITED KINGDOM"
12693,GERMANY
12625,GERMANY
15206,"UNITED KINGDOM"
13507,"UNITED KINGDOM"
13396,"UNITED KINGDOM"
15179,"UNITED KINGDOM"
13967,"UNITED KINGDOM"
12645,GERMANY
15156,"UNITED KINGDOM"
13551,"UNITED KINGDOM"
15797,"UNITED KINGDOM"
15052,"UNITED KINGDOM"
14130,"UNITED KINGDOM"
16372,"UNITED KINGDOM"
17774,"UNITED KINGDOM"
15222,"UNITED KINGDOM"
13615,"UNITED KINGDOM"
16054,"UNITED KINGDOM"
17608,"UNITED KINGDOM"
12638,SWEDEN
14174,"UNITED KINGDOM"
12381,NORWAY
14044,"UNITED KINGDOM"
12833,"UNITED KINGDOM"
14039,"UNITED KINGDOM"
13040,"UNITED KINGDOM"
15967,"UNITED KINGDOM"
16757,"UNITED KINGDOM"
18008,"UNITED KINGDOM"
14198,"UNITED KINGDOM"
13703,"UNITED KINGDOM"
15339,"UNITED KINGDOM"
17984,"UNITED KINGDOM"
12854,"UNITED KINGDOM"
16222,"UNITED KINGDOM"
14758,"UNITED KINGDOM"
13821,"UNITED KINGDOM"
16681,"UNITED KINGDOM"
16511,"UNITED KINGDOM"
15906,"UNITED KINGDOM"
16943,"UNITED KINGDOM"
17515,"UNITED KINGDOM"
17082,"UNITED KINGDOM"
14248,"UNITED KINGDOM"
14517,"UNITED KINGDOM"
12628,GERMANY
13002,"UNITED KINGDOM"
12589,FRANCE
13049,"UNITED KINGDOM"
13405,"UNITED KINGDOM"
16859,"UNITED KINGDOM"
18170,"UNITED KINGDOM"
14511,"UNITED KINGDOM"
13837,"UNITED KINGDOM"
17118,"UNITED KINGDOM"
14547,"UNITED KINGDOM"
14616,"UNITED KINGDOM"
17075,"UNITED KINGDOM"
13759,"UNITED KINGDOM"
15883,"UNITED KINGDOM"
14664,"UNITED KINGDOM"
15526,"UNITED KINGDOM"
13719,"UNITED KINGDOM"
14824,"UNITED KINGDOM"
17831,"UNITED KINGDOM"
16714,"UNITED KINGDOM"
14038,"UNITED KINGDOM"
13940,"UNITED KINGDOM"
14029,"UNITED KINGDOM"
15025,"UNITED KINGDOM"
12591,ITALY
17786,"UNITED KINGDOM"
16124,"UNITED KINGDOM"
12997,"UNITED KINGDOM"
14117,"UNITED KINGDOM"
16882,"UNITED KINGDOM"
14442,"CHANNEL ISLANDS"
12357,SWITZERLAND
16496,"UNITED KINGDOM"
15618,"UNITED KINGDOM"
13167,"UNITED KINGDOM"
17779,"UNITED KINGDOM"
12764,LEBANON
17867,"UNITED KINGDOM"
17311,"UNITED KINGDOM"
15910,"UNITED KINGDOM"
18101,"UNITED KINGDOM"
17761,"UNITED KINGDOM"
14970,"UNITED KINGDOM"
15870,"UNITED KINGDOM"
14080,"UNITED KINGDOM"
16053,"UNITED KINGDOM"
15522,"UNITED KINGDOM"
13827,"UNITED KINGDOM"
12560,GERMANY
17096,"UNITED KINGDOM"
13139,"UNITED KINGDOM"
17623,"UNITED KINGDOM"
12783,PORTUGAL
18180,"UNITED KINGDOM"
12521,GERMANY
17866,"UNITED KINGDOM"
17540,"UNITED KINGDOM"
18125,"UNITED KINGDOM"
15802,"UNITED KINGDOM"
13328,"UNITED KINGDOM"
16807,"UNITED KINGDOM"
13136,"UNITED KINGDOM"
17229,"UNITED KINGDOM"
14387,"UNITED KINGDOM"
13824,"UNITED KINGDOM"
14662,"UNITED KINGDOM"
17180,"UNITED KINGDOM"
16362,"UNITED KINGDOM"
16637,"UNITED KINGDOM"
16464,"UNITED KINGDOM"
12832,"UNITED KINGDOM"
17962,"UNITED KINGDOM"
12520,GERMANY
16149,"UNITED KINGDOM"
18036,"UNITED KINGDOM"
15057,"UNITED KINGDOM"
12574,FRANCE
17014,"UNITED KINGDOM"
12853,"UNITED KINGDOM"
16755,"UNITED KINGDOM"
14133,"UNITED KINGDOM"
13995,"UNITED KINGDOM"
14259,"UNITED KINGDOM"
18143,"UNITED KINGDOM"
17935,"UNITED KINGDOM"
13141,"UNITED KINGDOM"
17694,"UNITED KINGDOM"
15365,"UNITED KINGDOM"
13707,"UNITED KINGDOM"
17302,"UNITED KINGDOM"
13673,"UNITED KINGDOM"
14403,"UNITED KINGDOM"
17660,"UNITED KINGDOM"
14073,"UNITED KINGDOM"
13323,"UNITED KINGDOM"
17329,"UNITED KINGDOM"
16070,"UNITED KINGDOM"
14407,"UNITED KINGDOM"
18150,"UNITED KINGDOM"
13066,"UNITED KINGDOM"
15344,"UNITED KINGDOM"
13562,"UNITED KINGDOM"
14929,"UNITED KINGDOM"
14410,"UNITED KINGDOM"
15330,"UNITED KINGDOM"
13026,"UNITED KINGDOM"
13710,"UNITED KINGDOM"
15434,"UNITED KINGDOM"
16041,"UNITED KINGDOM"
14360,"UNITED KINGDOM"
15763,"UNITED KINGDOM"
15106,"UNITED KINGDOM"
16732,"UNITED KINGDOM"
14050,"UNITED KINGDOM"
15623,"UNITED KINGDOM"
16897,"UNITED KINGDOM"
15579,"UNITED KINGDOM"
14595,"UNITED KINGDOM"
13161,"UNITED KINGDOM"
17886,"UNITED KINGDOM"
16224,"UNITED KINGDOM"
15829,"UNITED KINGDOM"
15415,"UNITED KINGDOM"
18146,"UNITED KINGDOM"
17431,"UNITED KINGDOM"
15815,"UNITED KINGDOM"
15232,"UNITED KINGDOM"
12438,NORWAY
14140,"UNITED KINGDOM"
17219,"UNITED KINGDOM"
15573,"UNITED KINGDOM"
12627,GERMANY
13079,"UNITED KINGDOM"
14910,"UNITED KINGDOM"
18262,"UNITED KINGDOM"
13563,"UNITED KINGDOM"
17239,"UNITED KINGDOM"
13802,"UNITED KINGDOM"
16407,"UNITED KINGDOM"
15448,"UNITED KINGDOM"
16505,"UNITED KINGDOM"
15957,"UNITED KINGDOM"
18145,"UNITED KINGDOM"
16305,"UNITED KINGDOM"
12864,"UNITED KINGDOM"
17724,"UNITED KINGDOM"
17637,"UNITED KINGDOM"
13116,"UNITED KINGDOM"
13975,"UNITED KINGDOM"
13037,"UNITED KINGDOM"
17649,"UNITED KINGDOM"
16178,"UNITED KINGDOM"
13956,"UNITED KINGDOM"
16403,"UNITED KINGDOM"
17619,"UNITED KINGDOM"
14948,"UNITED KINGDOM"
17054,"UNITED KINGDOM"
17256,"UNITED KINGDOM"
17604,"UNITED KINGDOM"
17040,"UNITED KINGDOM"
14006,"UNITED KINGDOM"
13600,"UNITED KINGDOM"
14100,"UNITED KINGDOM"
15289,"UNITED KINGDOM"
16639,"UNITED KINGDOM"
14246,"UNITED KINGDOM"
15406,"UNITED KINGDOM"
17633,"UNITED KINGDOM"
18123,"UNITED KINGDOM"
12849,"UNITED KINGDOM"
13272,"UNITED KINGDOM"
15781,"UNITED KINGDOM"
15043,"UNITED KINGDOM"
16557,"UNITED KINGDOM"
17631,"UNITED KINGDOM"
17147,"UNITED KINGDOM"
13928,"UNITED KINGDOM"
15103,"UNITED KINGDOM"
13296,"UNITED KINGDOM"
13814,GERMANY
14342,"UNITED KINGDOM"
16364,"UNITED KINGDOM"
17356,"UNITED KINGDOM"
12836,"UNITED KINGDOM"
14850,"UNITED KINGDOM"
14116,"UNITED KINGDOM"
13939,"UNITED KINGDOM"
17313,"UNITED KINGDOM"
13867,"UNITED KINGDOM"
17693,"UNITED KINGDOM"
15372,"UNITED KINGDOM"
18216,"UNITED KINGDOM"
17734,"UNITED KINGDOM"
17022,"UNITED KINGDOM"
15153,"UNITED KINGDOM"
13606,"UNITED KINGDOM"
17006,"UNITED KINGDOM"
14284,"UNITED KINGDOM"
13494,"UNITED KINGDOM"
13046,"UNITED KINGDOM"
12929,"UNITED KINGDOM"
13930,"UNITED KINGDOM"
16759,"UNITED KINGDOM"
16951,"UNITED KINGDOM"
13379,"UNITED KINGDOM"
15203,"UNITED KINGDOM"
14108,"UNITED KINGDOM"
16751,"UNITED KINGDOM"
17035,"UNITED KINGDOM"
12373,AUSTRIA
16809,"UNITED KINGDOM"
15440,"UNITED KINGDOM"
18094,"UNITED KINGDOM"
12949,"UNITED KINGDOM"
13623,"UNITED KINGDOM"
13194,"UNITED KINGDOM"
18202,"UNITED KINGDOM"
14549,"UNITED KINGDOM"
16628,"UNITED KINGDOM"
14691,"UNITED KINGDOM"
15172,"UNITED KINGDOM"
17376,"UNITED KINGDOM"
12893,"UNITED KINGDOM"
14921,"UNITED KINGDOM"
14836,"UNITED KINGDOM"
17011,"UNITED KINGDOM"
14240,"UNITED KINGDOM"
15095,"UNITED KINGDOM"
16716,"UNITED KINGDOM"
16447,"UNITED KINGDOM"
12532,FRANCE
17038,"UNITED KINGDOM"
14305,"UNITED KINGDOM"
14968,"UNITED KINGDOM"
15940,"UNITED KINGDOM"
16696,"UNITED KINGDOM"
15624,"UNITED KINGDOM"
14331,"UNITED KINGDOM"
14665,"UNITED KINGDOM"
14457,"UNITED KINGDOM"
15261,"UNITED KINGDOM"
15589,"UNITED KINGDOM"
14411,"UNITED KINGDOM"
15226,"UNITED KINGDOM"
14127,"UNITED KINGDOM"
16378,"UNITED KINGDOM"
13894,"UNITED KINGDOM"
12504,GERMANY
16516,"UNITED KINGDOM"
18250,"UNITED KINGDOM"
15270,"UNITED KINGDOM"
13522,"UNITED KINGDOM"
15421,"UNITED KINGDOM"
15986,"UNITED KINGDOM"
13992,"UNITED KINGDOM"
15116,"UNITED KINGDOM"
15105,"UNITED KINGDOM"
14354,"UNITED KINGDOM"
16986,"UNITED KINGDOM"
16953,"UNITED KINGDOM"
15594,"UNITED KINGDOM"
18151,"UNITED KINGDOM"
14855,"UNITED KINGDOM"
13925,"UNITED KINGDOM"
12414,AUSTRIA
18274,"UNITED KINGDOM"
18237,"UNITED KINGDOM"
15450,"UNITED KINGDOM"
15031,"UNITED KINGDOM"
12350,NORWAY
15531,"UNITED KINGDOM"
16405,"UNITED KINGDOM"
13873,"UNITED KINGDOM"
17362,"UNITED KINGDOM"
12502,SPAIN
12453,AUSTRIA
15639,"UNITED KINGDOM"
17500,"UNITED KINGDOM"
12910,"UNITED KINGDOM"
16030,"UNITED KINGDOM"
15118,"UNITED KINGDOM"
15746,"UNITED KINGDOM"
17197,"UNITED KINGDOM"
14973,"UNITED KINGDOM"
14121,"UNITED KINGDOM"
12743,UNSPECIFIED
13800,"UNITED KINGDOM"
17931,"UNITED KINGDOM"
18268,"UNITED KINGDOM"
13581,"UNITED KINGDOM"
14540,"UNITED KINGDOM"
15942,"UNITED KINGDOM"
14143,"UNITED KINGDOM"
15120,"UNITED KINGDOM"
16147,"UNITED KINGDOM"
17537,"UNITED KINGDOM"
13539,"UNITED KINGDOM"
17521,"UNITED KINGDOM"
15885,"UNITED KINGDOM"
14497,"UNITED KINGDOM"
16025,"UNITED KINGDOM"
12659,FRANCE
13277,"UNITED KINGDOM"
18127,"UNITED KINGDOM"
15149,"UNITED KINGDOM"
12981,"UNITED KINGDOM"
17461,"UNITED KINGDOM"
14499,"UNITED KINGDOM"
17507,"UNITED KINGDOM"
17791,"UNITED KINGDOM"
14226,"UNITED KINGDOM"
15452,"UNITED KINGDOM"
17334,"UNITED KINGDOM"
12754,JAPAN
12410,SWITZERLAND
17929,"UNITED KINGDOM"
14778,"UNITED KINGDOM"
17517,"UNITED KINGDOM"
17226,"UNITED KINGDOM"
12842,"UNITED KINGDOM"
16109,"UNITED KINGDOM"
17291,"UNITED KINGDOM"
12716,FRANCE
15776,"UNITED KINGDOM"
17926,"UNITED KINGDOM"
13106,"UNITED KINGDOM"
18064,"UNITED KINGDOM"
15090,"UNITED KINGDOM"
15199,"UNITED KINGDOM"
15463,"UNITED KINGDOM"
14712,"UNITED KINGDOM"
17573,"UNITED KINGDOM"
14064,"UNITED KINGDOM"
18217,"UNITED KINGDOM"
13584,"UNITED KINGDOM"
14438,"UNITED KINGDOM"
12956,"UNITED KINGDOM"
14600,"UNITED KINGDOM"
17977,"UNITED KINGDOM"
12844,"UNITED KINGDOM"
14885,"UNITED KINGDOM"
17388,"UNITED KINGDOM"
13722,"UNITED KINGDOM"
13388,"UNITED KINGDOM"
15438,"UNITED KINGDOM"
15297,"UNITED KINGDOM"
12617,FRANCE
12670,FRANCE
14863,"UNITED KINGDOM"
13499,"UNITED KINGDOM"
13809,CYPRUS
16903,"UNITED KINGDOM"
12508,FRANCE
17941,"UNITED KINGDOM"
14947,"UNITED KINGDOM"
17502,"UNITED KINGDOM"
16094,"UNITED KINGDOM"
12538,SPAIN
17901,"UNITED KINGDOM"
14048,"UNITED KINGDOM"
17859,"UNITED KINGDOM"
17053,"UNITED KINGDOM"
12534,GERMANY
15753,"UNITED KINGDOM"
13810,GERMANY
12384,SWITZERLAND
12749,"UNITED KINGDOM"
14789,"UNITED KINGDOM"
18130,"UNITED KINGDOM"
14567,"UNITED KINGDOM"
17615,"UNITED KINGDOM"
14937,"CHANNEL ISLANDS"
17295,"UNITED KINGDOM"
13133,"UNITED KINGDOM"
17881,"UNITED KINGDOM"
15843,"UNITED KINGDOM"
12828,"UNITED KINGDOM"
16182,"UNITED KINGDOM"
16984,"UNITED KINGDOM"
17083,"UNITED KINGDOM"
15970,"UNITED KINGDOM"
12518,GERMANY
13023,"UNITED KINGDOM"
12633,GERMANY
12593,FRANCE
12401,BELGIUM
17553,"UNITED KINGDOM"
13075,"UNITED KINGDOM"
14446,"UNITED KINGDOM"
15342,"UNITED KINGDOM"
12644,GERMANY
12378,SWITZERLAND
12462,SPAIN
17843,"UNITED KINGDOM"
13706,"UNITED KINGDOM"
17686,"UNITED KINGDOM"
14431,"UNITED KINGDOM"
12561,GERMANY
14465,"UNITED KINGDOM"
18209,"UNITED KINGDOM"
18093,"UNITED KINGDOM"
12857,"UNITED KINGDOM"
14790,"UNITED KINGDOM"
16425,"UNITED KINGDOM"
14125,"UNITED KINGDOM"
17788,"UNITED KINGDOM"
16386,"UNITED KINGDOM"
13850,"UNITED KINGDOM"
14076,"UNITED KINGDOM"
14555,"UNITED KINGDOM"
12985,"UNITED KINGDOM"
15557,"UNITED KINGDOM"
15133,"UNITED KINGDOM"
15608,"UNITED KINGDOM"
12897,"UNITED KINGDOM"
16460,"UNITED KINGDOM"
17887,"UNITED KINGDOM"
12477,GERMANY
16433,"UNITED KINGDOM"
12750,POLAND
15692,"UNITED KINGDOM"
15374,"UNITED KINGDOM"
17052,"UNITED KINGDOM"
17656,"UNITED KINGDOM"
15492,"UNITED KINGDOM"
16368,"UNITED KINGDOM"
13557,"UNITED KINGDOM"
18159,"UNITED KINGDOM"
18014,"UNITED KINGDOM"
13732,"UNITED KINGDOM"
13091,"UNITED KINGDOM"
15903,"UNITED KINGDOM"
15473,"UNITED KINGDOM"
13851,"UNITED KINGDOM"
16084,"UNITED KINGDOM"
15599,"UNITED KINGDOM"
15236,"UNITED KINGDOM"
14972,"UNITED KINGDOM"
14661,"UNITED KINGDOM"
17829,"UNITED ARAB EMIRATES"
17514,"UNITED KINGDOM"
13170,"UNITED KINGDOM"
12917,"UNITED KINGDOM"
12689,FRANCE
15429,"UNITED KINGDOM"
14644,"UNITED KINGDOM"
12993,"UNITED KINGDOM"
16738,"UNITED KINGDOM"
15122,"UNITED KINGDOM"
13893,"UNITED KINGDOM"
15500,"UNITED KINGDOM"
14768,"UNITED KINGDOM"
17584,"UNITED KINGDOM"
15254,"UNITED KINGDOM"
14535,"UNITED KINGDOM"
12865,AUSTRIA
14346,"UNITED KINGDOM"
18099,"UNITED KINGDOM"
16431,"UNITED KINGDOM"
15205,"UNITED KINGDOM"
12616,FRANCE
14935,"CHANNEL ISLANDS"
15787,"UNITED KINGDOM"
13218,"UNITED KINGDOM"
17267,"UNITED KINGDOM"
12823,"UNITED KINGDOM"
15654,"UNITED KINGDOM"
13146,"UNITED KINGDOM"
16302,"UNITED KINGDOM"
16073,"UNITED KINGDOM"
14760,"UNITED KINGDOM"
16509,"UNITED KINGDOM"
14386,"UNITED KINGDOM"
12455,CYPRUS
15670,"UNITED KINGDOM"
13908,"UNITED KINGDOM"
14227,"UNITED KINGDOM"
14788,"UNITED KINGDOM"
13603,"UNITED KINGDOM"
13513,"UNITED KINGDOM"
14720,"UNITED KINGDOM"
15201,"UNITED KINGDOM"
18282,"UNITED KINGDOM"
16930,"UNITED KINGDOM"
13200,"UNITED KINGDOM"
14382,"UNITED KINGDOM"
12372,DENMARK
16494,"UNITED KINGDOM"
14959,"UNITED KINGDOM"
16148,"UNITED KINGDOM"
16720,"UNITED KINGDOM"
12431,BELGIUM
15671,"UNITED KINGDOM"
14904,"UNITED KINGDOM"
14494,"UNITED KINGDOM"
15113,"UNITED KINGDOM"
14902,"UNITED KINGDOM"
13718,"UNITED KINGDOM"
13151,"UNITED KINGDOM"
14079,"UNITED KINGDOM"
17298,"UNITED KINGDOM"
14903,"UNITED KINGDOM"
16936,"UNITED KINGDOM"
15572,"UNITED KINGDOM"
12938,"UNITED KINGDOM"
14024,"UNITED KINGDOM"
15168,"UNITED KINGDOM"
15198,"UNITED KINGDOM"
17658,"UNITED KINGDOM"
17538,"UNITED KINGDOM"
18082,"UNITED KINGDOM"
18117,"UNITED KINGDOM"
15863,"UNITED KINGDOM"
18138,"UNITED KINGDOM"
12885,"UNITED KINGDOM"
14371,"UNITED KINGDOM"
12852,"UNITED KINGDOM"
15458,"UNITED KINGDOM"
17331,"UNITED KINGDOM"
17566,"UNITED KINGDOM"
16207,"UNITED KINGDOM"
14418,"UNITED KINGDOM"
15755,"UNITED KINGDOM"
13932,"UNITED KINGDOM"
13799,"UNITED KINGDOM"
16765,"UNITED KINGDOM"
12762,PORTUGAL
17793,"UNITED KINGDOM"
16788,"UNITED KINGDOM"
17044,"UNITED KINGDOM"
13016,"UNITED KINGDOM"
15985,"UNITED KINGDOM"
14953,"UNITED KINGDOM"
14626,"UNITED KINGDOM"
16504,"UNITED KINGDOM"
13744,"UNITED KINGDOM"
12988,"UNITED KINGDOM"
15247,"UNITED KINGDOM"
13355,"UNITED KINGDOM"
12707,FRANCE
12374,AUSTRIA
16478,"UNITED KINGDOM"
15050,"UNITED KINGDOM"
15321,"UNITED KINGDOM"
16245,"UNITED KINGDOM"
15009,"UNITED KINGDOM"
13919,DENMARK
12640,FRANCE
16341,"UNITED KINGDOM"
16423,"UNITED KINGDOM"
15419,"UNITED KINGDOM"
12883,"UNITED KINGDOM"
16292,"UNITED KINGDOM"
15582,"UNITED KINGDOM"
17510,"UNITED KINGDOM"
16980,"UNITED KINGDOM"
15758,"UNITED KINGDOM"
13692,"UNITED KINGDOM"
12365,CYPRUS
13044,"UNITED KINGDOM"
16441,"UNITED KINGDOM"
15494,"UNITED KINGDOM"
14520,"UNITED KINGDOM"
18087,"UNITED KINGDOM"
15524,"UNITED KINGDOM"
13950,"UNITED KINGDOM"
14725,"UNITED KINGDOM"
17002,"UNITED KINGDOM"
13236,"UNITED KINGDOM"
14666,"UNITED KINGDOM"
14714,"UNITED KINGDOM"
14522,"UNITED KINGDOM"
17153,"UNITED KINGDOM"
16349,"UNITED KINGDOM"
12950,"UNITED KINGDOM"
16913,"UNITED KINGDOM"
16295,"UNITED KINGDOM"
16240,"UNITED KINGDOM"
13427,"UNITED KINGDOM"
17248,"UNITED KINGDOM"
15720,"UNITED KINGDOM"
18114,"UNITED KINGDOM"
14834,"UNITED KINGDOM"
15303,"UNITED KINGDOM"
12845,"UNITED KINGDOM"
18188,"UNITED KINGDOM"
18181,"UNITED KINGDOM"
18235,"UNITED KINGDOM"
13645,"UNITED KINGDOM"
15556,"UNITED KINGDOM"
17357,"UNITED KINGDOM"
16573,"UNITED KINGDOM"
14853,"UNITED KINGDOM"
12994,"UNITED KINGDOM"
12890,"UNITED KINGDOM"
13307,"UNITED KINGDOM"
13449,"UNITED KINGDOM"
13816,GERMANY
13297,"UNITED KINGDOM"
15269,"UNITED KINGDOM"
18196,"UNITED KINGDOM"
13888,"UNITED KINGDOM"
16008,"UNITED KINGDOM"
17499,"UNITED KINGDOM"
15397,"UNITED KINGDOM"
16157,"UNITED KINGDOM"
17122,"UNITED KINGDOM"
17516,"UNITED KINGDOM"
18246,"UNITED KINGDOM"
14385,"UNITED KINGDOM"
14406,"UNITED KINGDOM"
13558,"UNITED KINGDOM"
17711,"UNITED KINGDOM"
15900,"UNITED KINGDOM"
16469,"UNITED KINGDOM"
15683,"UNITED KINGDOM"
16669,"UNITED KINGDOM"
14301,"UNITED KINGDOM"
14658,"UNITED KINGDOM"
13621,"UNITED KINGDOM"
12758,PORTUGAL
17680,"UNITED KINGDOM"
13926,"UNITED KINGDOM"
16272,"UNITED KINGDOM"
13258,"UNITED KINGDOM"
18068,"UNITED KINGDOM"
16692,"UNITED KINGDOM"
16204,"UNITED KINGDOM"
17171,"UNITED KINGDOM"
16999,"UNITED KINGDOM"
17896,"UNITED KINGDOM"
18231,"UNITED KINGDOM"
17958,"UNITED KINGDOM"
14851,"UNITED KINGDOM"
12656,FRANCE
16961,"UNITED KINGDOM"
14513,"UNITED KINGDOM"
16902,"UNITED KINGDOM"
17830,"UNITED KINGDOM"
12565,"SAUDI ARABIA"
12582,FINLAND
12991,"UNITED KINGDOM"
15706,"UNITED KINGDOM"
15480,MALTA
15315,"UNITED KINGDOM"
15653,"UNITED KINGDOM"
13118,"UNITED KINGDOM"
15768,"UNITED KINGDOM"
17117,"UNITED KINGDOM"
12945,"UNITED KINGDOM"
18056,"UNITED KINGDOM"
17835,"UNITED KINGDOM"
16072,"UNITED KINGDOM"
16838,"UNITED KINGDOM"
15543,"UNITED KINGDOM"
15432,"UNITED KINGDOM"
13751,"UNITED KINGDOM"
16804,"UNITED KINGDOM"
18006,"UNITED KINGDOM"
15489,"UNITED KINGDOM"
17330,"UNITED KINGDOM"
14931,"CHANNEL ISLANDS"
13189,"UNITED KINGDOM"
15124,"UNITED KINGDOM"
12641,SWEDEN
13501,SWITZERLAND
13345,"UNITED KINGDOM"
17034,"UNITED KINGDOM"
13470,"UNITED KINGDOM"
14655,"UNITED KINGDOM"
14470,"UNITED KINGDOM"
17398,"UNITED KINGDOM"
16092,"UNITED KINGDOM"
15734,"UNITED KINGDOM"
14323,"UNITED KINGDOM"
13753,"UNITED KINGDOM"
13666,"UNITED KINGDOM"
12361,BELGIUM
13792,"UNITED KINGDOM"
15657,"UNITED KINGDOM"
13973,"UNITED KINGDOM"
13493,SWITZERLAND
17237,"UNITED KINGDOM"
13684,"UNITED KINGDOM"
17080,"UNITED KINGDOM"
13160,"UNITED KINGDOM"
13261,"UNITED KINGDOM"
12847,"UNITED KINGDOM"
16598,"UNITED KINGDOM"
14147,"UNITED KINGDOM"
15951,"UNITED KINGDOM"
13655,"UNITED KINGDOM"
17397,"UNITED KINGDOM"
15541,"UNITED KINGDOM"
14157,"UNITED KINGDOM"
17985,"UNITED KINGDOM"
17070,"UNITED KINGDOM"
12688,ISRAEL
12781,"CZECH REPUBLIC"
14036,"UNITED KINGDOM"
15399,"UNITED KINGDOM"
14362,"UNITED KINGDOM"
16057,"UNITED KINGDOM"
15724,"UNITED KINGDOM"
12458,SWITZERLAND
15287,"UNITED KINGDOM"
13828,"UNITED KINGDOM"
15136,"UNITED KINGDOM"
15435,"UNITED KINGDOM"
12729,FRANCE
16667,"UNITED KINGDOM"
16339,"UNITED KINGDOM"
12962,"UNITED KINGDOM"
13273,"UNITED KINGDOM"
12445,SPAIN
12509,FRANCE
16871,"UNITED KINGDOM"
14508,"UNITED KINGDOM"
14046,"UNITED KINGDOM"
13962,"UNITED KINGDOM"
17163,"UNITED KINGDOM"
16427,"UNITED KINGDOM"
15472,"UNITED KINGDOM"
16414,"UNITED KINGDOM"
12680,FRANCE
14277,FRANCE
12811,PORTUGAL
12936,"UNITED KINGDOM"
16582,"UNITED KINGDOM"
16518,"UNITED KINGDOM"
17165,"UNITED KINGDOM"
17462,"UNITED KINGDOM"
14620,"UNITED KINGDOM"
14740,"UNITED KINGDOM"
12603,GERMANY
14641,"UNITED KINGDOM"
16261,"UNITED KINGDOM"
17747,"UNITED KINGDOM"
14759,"UNITED KINGDOM"
16078,"UNITED KINGDOM"
12618,ITALY
15621,"UNITED KINGDOM"
12391,CYPRUS
18034,"UNITED KINGDOM"
15709,"UNITED KINGDOM"
12513,FRANCE
15092,"UNITED KINGDOM"
15396,"UNITED KINGDOM"
12418,SWITZERLAND
12679,FRANCE
15319,"UNITED KINGDOM"
16212,"UNITED KINGDOM"
15257,"UNITED KINGDOM"
13884,"UNITED KINGDOM"
12866,BELGIUM
17286,"UNITED KINGDOM"
13242,"UNITED KINGDOM"
16828,"UNITED KINGDOM"
14593,"UNITED KINGDOM"
16139,"UNITED KINGDOM"
12498,GERMANY
16924,"UNITED KINGDOM"
17904,"UNITED KINGDOM"
15088,"UNITED KINGDOM"
15933,"UNITED KINGDOM"
13516,"UNITED KINGDOM"
13166,"UNITED KINGDOM"
14772,"UNITED KINGDOM"
12968,"UNITED KINGDOM"
16330,"UNITED KINGDOM"
14566,"CHANNEL ISLANDS"
17029,"UNITED KINGDOM"
15701,"UNITED KINGDOM"
15733,"UNITED KINGDOM"
12834,"UNITED KINGDOM"
17301,"UNITED KINGDOM"
14934,"CHANNEL ISLANDS"
15368,"UNITED KINGDOM"
14793,"UNITED KINGDOM"
17650,"UNITED KINGDOM"
13960,"UNITED KINGDOM"
15067,"UNITED KINGDOM"
17770,"UNITED KINGDOM"
14473,"UNITED KINGDOM"
15104,"UNITED KINGDOM"
15643,"UNITED KINGDOM"
16792,"UNITED KINGDOM"
14529,"UNITED KINGDOM"
15636,"UNITED KINGDOM"
12873,"UNITED KINGDOM"
17923,"UNITED KINGDOM"
16217,"UNITED KINGDOM"
12702,GERMANY
14881,"UNITED KINGDOM"
16536,"UNITED KINGDOM"
15313,"UNITED KINGDOM"
16957,"UNITED KINGDOM"
14483,"UNITED KINGDOM"
15087,"UNITED KINGDOM"
16709,"UNITED KINGDOM"
17856,"UNITED KINGDOM"
18204,"UNITED KINGDOM"
18218,"UNITED KINGDOM"
16159,"UNITED KINGDOM"
17995,"UNITED KINGDOM"
17527,"UNITED KINGDOM"
12363,UNSPECIFIED
17374,"UNITED KINGDOM"
17789,"UNITED KINGDOM"
16652,"UNITED KINGDOM"
16952,"UNITED KINGDOM"
16900,"UNITED KINGDOM"
12817,AUSTRIA
17700,"UNITED KINGDOM"
15393,"UNITED KINGDOM"
17508,GREECE
13931,"UNITED KINGDOM"
16784,"UNITED KINGDOM"
14052,"UNITED KINGDOM"
14075,"UNITED KINGDOM"
13382,"UNITED KINGDOM"
14570,"UNITED KINGDOM"
18110,"UNITED KINGDOM"
13212,"UNITED KINGDOM"
16449,"UNITED KINGDOM"
12547,SPAIN
17325,"UNITED KINGDOM"
14670,"UNITED KINGDOM"
17561,"UNITED KINGDOM"
16533,"UNITED KINGDOM"
14930,"CHANNEL ISLANDS"
17535,"UNITED KINGDOM"
15988,"UNITED KINGDOM"
17523,"UNITED KINGDOM"
14950,"UNITED KINGDOM"
16666,"UNITED KINGDOM"
14523,"UNITED KINGDOM"
14860,"UNITED KINGDOM"
18040,"UNITED KINGDOM"
17636,"UNITED KINGDOM"
17425,"UNITED KINGDOM"
15533,"UNITED KINGDOM"
14247,"UNITED KINGDOM"
13832,"UNITED KINGDOM"
17384,"UNITED KINGDOM"
13142,"UNITED KINGDOM"
15554,"UNITED KINGDOM"
14915,"UNITED KINGDOM"
16399,"UNITED KINGDOM"
16136,"UNITED KINGDOM"
18080,"UNITED KINGDOM"
16366,"UNITED KINGDOM"
18280,"UNITED KINGDOM"
12614,GERMANY
13430,"UNITED KINGDOM"
13344,"UNITED KINGDOM"
14300,"UNITED KINGDOM"
18018,"UNITED KINGDOM"
12349,ITALY
12658,GERMANY
13823,"UNITED KINGDOM"
12795,PORTUGAL
16968,"UNITED KINGDOM"
16723,"UNITED KINGDOM"
14012,"UNITED KINGDOM"
16356,"UNITED KINGDOM"
15567,"UNITED KINGDOM"
17664,"UNITED KINGDOM"
17654,"UNITED KINGDOM"
15645,"UNITED KINGDOM"
14875,"UNITED KINGDOM"
16406,"UNITED KINGDOM"
15026,"UNITED KINGDOM"
16517,"UNITED KINGDOM"
12695,FRANCE
14817,"UNITED KINGDOM"
15857,"UNITED KINGDOM"
13411,"UNITED KINGDOM"
12984,"UNITED KINGDOM"
15800,"UNITED KINGDOM"
15869,"UNITED KINGDOM"
17817,"UNITED KINGDOM"
17253,"UNITED KINGDOM"
12649,GERMANY
15163,"UNITED KINGDOM"
13739,"UNITED KINGDOM"
14551,"UNITED KINGDOM"
16340,"UNITED KINGDOM"
15234,"UNITED KINGDOM"
18139,"UNITED KINGDOM"
15274,"UNITED KINGDOM"
14586,"UNITED KINGDOM"
15944,"UNITED KINGDOM"
16917,"UNITED KINGDOM"
17010,"UNITED KINGDOM"
15115,"UNITED KINGDOM"
17134,"UNITED KINGDOM"
14196,"UNITED KINGDOM"
15263,"UNITED KINGDOM"
14314,"UNITED KINGDOM"
16093,"UNITED KINGDOM"
17844,CANADA
12623,GERMANY
14687,"UNITED KINGDOM"
16369,"UNITED KINGDOM"
13320,"UNITED KINGDOM"
17100,"UNITED KINGDOM"
15484,"UNITED KINGDOM"
15132,"UNITED KINGDOM"
15699,"UNITED KINGDOM"
13403,"UNITED KINGDOM"
16429,"UNITED KINGDOM"
17639,"UNITED KINGDOM"
16956,"UNITED KINGDOM"
16495,"UNITED KINGDOM"
14336,"UNITED KINGDOM"
14111,"UNITED KINGDOM"
14055,"UNITED KINGDOM"
17453,"UNITED KINGDOM"
17600,"UNITED KINGDOM"
15071,"UNITED KINGDOM"
12715,SWEDEN
16309,"UNITED KINGDOM"
15663,"UNITED KINGDOM"
12881,"UNITED KINGDOM"
17864,"UNITED KINGDOM"
18200,"UNITED KINGDOM"
17138,"UNITED KINGDOM"
15877,"UNITED KINGDOM"
14424,"UNITED KINGDOM"
14129,"UNITED KINGDOM"
17451,"UNITED KINGDOM"
16641,"UNITED KINGDOM"
14165,"UNITED KINGDOM"
15367,"UNITED KINGDOM"
14141,"UNITED KINGDOM"
15074,"UNITED KINGDOM"
12492,GERMANY
13899,"UNITED KINGDOM"
16471,"UNITED KINGDOM"
18183,"UNITED KINGDOM"
14603,"UNITED KINGDOM"
15325,"UNITED KINGDOM"
18173,"UNITED KINGDOM"
16625,"UNITED KINGDOM"
14251,"UNITED KINGDOM"
13322,"UNITED KINGDOM"
15308,"UNITED KINGDOM"
18086,"UNITED KINGDOM"
17297,"UNITED KINGDOM"
13986,"UNITED KINGDOM"
12920,"UNITED KINGDOM"
18249,"UNITED KINGDOM"
14350,"UNITED KINGDOM"
16080,"UNITED KINGDOM"
14727,"UNITED KINGDOM"
16778,"UNITED KINGDOM"
16808,"UNITED KINGDOM"
15049,"UNITED KINGDOM"
12586,ITALY
15634,"UNITED KINGDOM"
13778,"UNITED KINGDOM"
14869,"UNITED KINGDOM"
16376,"UNITED KINGDOM"
16811,"UNITED KINGDOM"
12814,POLAND
15866,"UNITED KINGDOM"
16766,"UNITED KINGDOM"
13226,"UNITED KINGDOM"
13043,"UNITED KINGDOM"
12452,SWITZERLAND
16693,"UNITED KINGDOM"
15949,"UNITED KINGDOM"
14912,ITALY
14020,"UNITED KINGDOM"
16185,"UNITED KINGDOM"
14205,"UNITED KINGDOM"
14660,"UNITED KINGDOM"
15690,"UNITED KINGDOM"
16020,"UNITED KINGDOM"
13708,"UNITED KINGDOM"
14962,"UNITED KINGDOM"
16780,"UNITED KINGDOM"
16278,"UNITED KINGDOM"
13276,"UNITED KINGDOM"
13650,"UNITED KINGDOM"
14581,"UNITED KINGDOM"
13452,"UNITED KINGDOM"
14675,"UNITED KINGDOM"
15388,CANADA
12436,NORWAY
13045,"UNITED KINGDOM"
15047,"UNITED KINGDOM"
13376,"UNITED KINGDOM"
14193,"UNITED KINGDOM"
17542,"UNITED KINGDOM"
14335,GERMANY
16392,"UNITED KINGDOM"
12723,FRANCE
13099,"UNITED KINGDOM"
12739,"UNITED ARAB EMIRATES"
14420,"UNITED KINGDOM"
18084,"UNITED KINGDOM"
16653,"UNITED KINGDOM"
14436,"UNITED KINGDOM"
13716,"UNITED KINGDOM"
18027,"UNITED KINGDOM"
13121,"UNITED KINGDOM"
16297,"UNITED KINGDOM"
16152,"UNITED KINGDOM"
16674,"UNITED KINGDOM"
17290,"UNITED KINGDOM"
13350,"UNITED KINGDOM"
15398,"UNITED KINGDOM"
16343,"UNITED KINGDOM"
12375,FINLAND
13358,"UNITED KINGDOM"
13299,"UNITED KINGDOM"
16383,"UNITED KINGDOM"
14171,"UNITED KINGDOM"
13638,"UNITED KINGDOM"
15381,"UNITED KINGDOM"
13434,"UNITED KINGDOM"
16761,"UNITED KINGDOM"
15030,"UNITED KINGDOM"
16189,"UNITED KINGDOM"
16482,"UNITED KINGDOM"
14067,"UNITED KINGDOM"
12435,DENMARK
18189,"UNITED KINGDOM"
12851,"UNITED KINGDOM"
12784,PORTUGAL
13946,"UNITED KINGDOM"
17458,"UNITED KINGDOM"
13185,"UNITED KINGDOM"
14840,"UNITED KINGDOM"
14965,"UNITED KINGDOM"
13216,"UNITED KINGDOM"
14785,"UNITED KINGDOM"
14591,"UNITED KINGDOM"
15433,"UNITED KINGDOM"
12937,"UNITED KINGDOM"
17254,"UNITED KINGDOM"
16216,"UNITED KINGDOM"
16377,"UNITED KINGDOM"
16976,"UNITED KINGDOM"
12514,ITALY
13548,"UNITED KINGDOM"
15648,"UNITED KINGDOM"
16629,"UNITED KINGDOM"
13072,"UNITED KINGDOM"
17767,"UNITED KINGDOM"
15725,"UNITED KINGDOM"
15695,"UNITED KINGDOM"
17345,"UNITED KINGDOM"
17247,"UNITED KINGDOM"
15364,"UNITED KINGDOM"
18184,"UNITED KINGDOM"
14059,"UNITED KINGDOM"
18273,"UNITED KINGDOM"
15307,"UNITED KINGDOM"
16256,"UNITED KINGDOM"
13591,"UNITED KINGDOM"
14066,"UNITED KINGDOM"
15428,"UNITED KINGDOM"
15019,"UNITED KINGDOM"
17727,"UNITED KINGDOM"
14756,"UNITED KINGDOM"
16820,"UNITED KINGDOM"
16856,"UNITED KINGDOM"
14703,"UNITED KINGDOM"
13192,"UNITED KINGDOM"
14041,"UNITED KINGDOM"
17060,"UNITED KINGDOM"
17309,"UNITED KINGDOM"
12878,"UNITED KINGDOM"
14155,"UNITED KINGDOM"
12620,FRANCE
14633,"UNITED KINGDOM"
17624,"UNITED KINGDOM"
17385,"UNITED KINGDOM"
12531,GERMANY
15703,"UNITED KINGDOM"
15872,"UNITED KINGDOM"
12902,"UNITED KINGDOM"
14693,"UNITED KINGDOM"
13525,"UNITED KINGDOM"
14966,"UNITED KINGDOM"
17232,"UNITED KINGDOM"
17468,"UNITED KINGDOM"
16096,"UNITED KINGDOM"
13332,"UNITED KINGDOM"
14946,"UNITED KINGDOM"
16400,"UNITED KINGDOM"
15408,"UNITED KINGDOM"
15445,"UNITED KINGDOM"
17883,"UNITED KINGDOM"
14208,"UNITED KINGDOM"
16619,"UNITED KINGDOM"
14762,"UNITED KINGDOM"
13934,"UNITED KINGDOM"
16384,"UNITED KINGDOM"
18224,"UNITED KINGDOM"
12526,GERMANY
14859,"UNITED KINGDOM"
13130,"UNITED KINGDOM"
13122,"UNITED KINGDOM"
13210,"UNITED KINGDOM"
14245,"UNITED KINGDOM"
17678,"UNITED KINGDOM"
16036,"UNITED KINGDOM"
13596,"UNITED KINGDOM"
17763,"UNITED KINGDOM"
13262,"UNITED KINGDOM"
14452,"UNITED KINGDOM"
17152,"UNITED KINGDOM"
14632,"UNITED KINGDOM"
16024,"UNITED KINGDOM"
13249,"UNITED KINGDOM"
13889,"UNITED KINGDOM"
15488,"UNITED KINGDOM"
18222,"UNITED KINGDOM"
16135,"UNITED KINGDOM"
12831,"UNITED KINGDOM"
15437,"UNITED KINGDOM"
16374,"UNITED KINGDOM"
13244,"UNITED KINGDOM"
17411,"UNITED KINGDOM"
14954,"UNITED KINGDOM"
13196,"UNITED KINGDOM"
17885,"UNITED KINGDOM"
15457,"UNITED KINGDOM"
12613,GERMANY
16721,"UNITED KINGDOM"
17102,"UNITED KINGDOM"
13239,"UNITED KINGDOM"
18001,"UNITED KINGDOM"
16031,"UNITED KINGDOM"
14870,"UNITED KINGDOM"
14093,"UNITED KINGDOM"
15730,"UNITED KINGDOM"
12906,"UNITED KINGDOM"
12592,GERMANY
12604,FRANCE
12818,AUSTRIA
18191,"UNITED KINGDOM"
13132,"UNITED KINGDOM"
17486,"UNITED KINGDOM"
13441,"UNITED KINGDOM"
14893,"UNITED KINGDOM"
12564,FRANCE
15714,"UNITED KINGDOM"
12787,NETHERLANDS
17250,"UNITED KINGDOM"
15721,"UNITED KINGDOM"
16603,"UNITED KINGDOM"
13035,"UNITED KINGDOM"
13341,"UNITED KINGDOM"
13512,"UNITED KINGDOM"
16620,"UNITED KINGDOM"
17698,"UNITED KINGDOM"
17852,"UNITED KINGDOM"
18096,"UNITED KINGDOM"
15652,"UNITED KINGDOM"
14628,"UNITED KINGDOM"
13736,"UNITED KINGDOM"
12434,AUSTRALIA
13844,"UNITED KINGDOM"
16022,"UNITED KINGDOM"
12479,GERMANY
12660,FRANCE
15540,"UNITED KINGDOM"
15035,"UNITED KINGDOM"
17379,"UNITED KINGDOM"
13389,"UNITED KINGDOM"
16800,"UNITED KINGDOM"
16769,"UNITED KINGDOM"
17806,"UNITED KINGDOM"
16063,"UNITED KINGDOM"
15178,"UNITED KINGDOM"
14348,"UNITED KINGDOM"
14212,"UNITED KINGDOM"
13372,"UNITED KINGDOM"
18255,"UNITED KINGDOM"
17359,"UNITED KINGDOM"
13188,"UNITED KINGDOM"
14250,"UNITED KINGDOM"
16796,"UNITED KINGDOM"
12545,SPAIN
14536,"UNITED KINGDOM"
13662,"UNITED KINGDOM"
14480,"UNITED KINGDOM"
13349,"UNITED KINGDOM"
15619,"UNITED KINGDOM"
15148,"UNITED KINGDOM"
14601,"UNITED KINGDOM"
15783,"UNITED KINGDOM"
13883,"UNITED KINGDOM"
12965,"UNITED KINGDOM"
17946,"UNITED KINGDOM"
17772,"UNITED KINGDOM"
18078,"UNITED KINGDOM"
18215,"UNITED KINGDOM"
18158,"UNITED KINGDOM"
13357,"UNITED KINGDOM"
15980,"UNITED KINGDOM"
14126,"UNITED KINGDOM"
13657,"UNITED KINGDOM"
13375,"UNITED KINGDOM"
16777,"UNITED KINGDOM"
13431,"UNITED KINGDOM"
14476,"UNITED KINGDOM"
16211,"UNITED KINGDOM"
16479,"UNITED KINGDOM"
17466,"UNITED KINGDOM"
12884,"UNITED KINGDOM"
16141,"UNITED KINGDOM"
17919,"UNITED KINGDOM"
15239,"UNITED KINGDOM"
12792,PORTUGAL
13428,"UNITED KINGDOM"
15083,"UNITED KINGDOM"
18010,"UNITED KINGDOM"
17433,"UNITED KINGDOM"
13760,"UNITED KINGDOM"
15790,"UNITED KINGDOM"
13521,"UNITED KINGDOM"
14538,"UNITED KINGDOM"
16451,"UNITED KINGDOM"
12940,"UNITED KINGDOM"
14349,"UNITED KINGDOM"
14128,"UNITED KINGDOM"
13803,"UNITED KINGDOM"
15216,"UNITED KINGDOM"
16253,"UNITED KINGDOM"
18058,"UNITED KINGDOM"
12953,"UNITED KINGDOM"
13658,"UNITED KINGDOM"
13439,"UNITED KINGDOM"
12888,"UNITED KINGDOM"
17037,"UNITED KINGDOM"
12822,"UNITED KINGDOM"
15674,"UNITED KINGDOM"
17594,"UNITED KINGDOM"
17775,"UNITED KINGDOM"
15343,"UNITED KINGDOM"
12966,"UNITED KINGDOM"
14753,"UNITED KINGDOM"
16959,"UNITED KINGDOM"
18251,"UNITED KINGDOM"
15060,"UNITED KINGDOM"
15424,"UNITED KINGDOM"
16584,"UNITED KINGDOM"
16229,"UNITED KINGDOM"
17640,"UNITED KINGDOM"
12756,JAPAN
18108,"UNITED KINGDOM"
17911,"UNITED KINGDOM"
17737,"UNITED KINGDOM"
14272,"UNITED KINGDOM"
15832,"UNITED KINGDOM"
17728,"UNITED KINGDOM"
15528,"UNITED KINGDOM"
17438,"UNITED KINGDOM"
17347,"UNITED KINGDOM"
13060,"UNITED KINGDOM"
14890,"UNITED KINGDOM"
12566,GERMANY
13321,"UNITED KINGDOM"
13877,"UNITED KINGDOM"
12457,SWITZERLAND
16698,"UNITED KINGDOM"
15272,"UNITED KINGDOM"
14804,"UNITED KINGDOM"
15322,"UNITED KINGDOM"
17333,"UNITED KINGDOM"
13518,"UNITED KINGDOM"
16160,"UNITED KINGDOM"
14957,"UNITED KINGDOM"
17212,"UNITED KINGDOM"
14886,"UNITED KINGDOM"
13626,"UNITED KINGDOM"
13462,"UNITED KINGDOM"
14287,"UNITED KINGDOM"
17047,"UNITED KINGDOM"
14894,"UNITED KINGDOM"
17321,"UNITED KINGDOM"
13841,"UNITED KINGDOM"
17701,"UNITED KINGDOM"
15466,"UNITED KINGDOM"
15904,"UNITED KINGDOM"
13169,"UNITED KINGDOM"
17898,"UNITED KINGDOM"
16119,"UNITED KINGDOM"
17846,"UNITED KINGDOM"
16789,"UNITED KINGDOM"
15417,"UNITED KINGDOM"
12995,"UNITED KINGDOM"
14557,"UNITED KINGDOM"
16162,"UNITED KINGDOM"
15691,"UNITED KINGDOM"
14195,"UNITED KINGDOM"
13781,"UNITED KINGDOM"
16108,"UNITED KINGDOM"
17144,"UNITED KINGDOM"
14023,"UNITED KINGDOM"
15099,"UNITED KINGDOM"
16142,"UNITED KINGDOM"
12558,USA
17942,"UNITED KINGDOM"
17648,"UNITED KINGDOM"
13059,"UNITED KINGDOM"
14124,"UNITED KINGDOM"
15975,"UNITED KINGDOM"
12871,"UNITED KINGDOM"
15523,"UNITED KINGDOM"
15223,"UNITED KINGDOM"
16878,"UNITED KINGDOM"
15947,"UNITED KINGDOM"
12587,FINLAND
13560,"UNITED KINGDOM"
15123,"UNITED KINGDOM"
18185,"UNITED KINGDOM"
15539,"UNITED KINGDOM"
18194,"UNITED KINGDOM"
16689,"UNITED KINGDOM"
13067,"UNITED KINGDOM"
17956,"UNITED KINGDOM"
14747,"UNITED KINGDOM"
16586,"UNITED KINGDOM"
16105,"UNITED KINGDOM"
13017,"UNITED KINGDOM"
18174,"UNITED KINGDOM"
15442,"UNITED KINGDOM"
12457,CYPRUS
17058,"UNITED KINGDOM"
13325,"UNITED KINGDOM"
16561,"UNITED KINGDOM"
13153,"UNITED KINGDOM"
15773,"UNITED KINGDOM"
15244,"UNITED KINGDOM"
17492,"UNITED KINGDOM"
17783,"UNITED KINGDOM"
13863,"UNITED KINGDOM"
15917,"UNITED KINGDOM"
17936,"UNITED KINGDOM"
12719,FRANCE
13774,"UNITED KINGDOM"
12497,GERMANY
12752,NORWAY
17140,"UNITED KINGDOM"
15504,"UNITED KINGDOM"
13228,"UNITED KINGDOM"
14356,"UNITED KINGDOM"
16535,"UNITED KINGDOM"
14964,"UNITED KINGDOM"
16988,"UNITED KINGDOM"
13417,"UNITED KINGDOM"
13771,"UNITED KINGDOM"
17906,"UNITED KINGDOM"
16144,"UNITED KINGDOM"
13731,"UNITED KINGDOM"
17628,"UNITED KINGDOM"
16527,"UNITED KINGDOM"
12580,GERMANY
15341,"UNITED KINGDOM"
12925,"UNITED KINGDOM"
16642,"UNITED KINGDOM"
16215,"UNITED KINGDOM"
14649,"UNITED KINGDOM"
14164,"UNITED KINGDOM"
15888,"UNITED KINGDOM"
13712,"UNITED KINGDOM"
16624,"UNITED KINGDOM"
15097,"UNITED KINGDOM"
14981,"UNITED KINGDOM"
14619,"UNITED KINGDOM"
13356,"UNITED KINGDOM"
18015,"UNITED KINGDOM"
16643,"UNITED KINGDOM"
13083,"UNITED KINGDOM"
16597,"UNITED KINGDOM"
13790,"UNITED KINGDOM"
12390,BELGIUM
15119,"UNITED KINGDOM"
14924,"UNITED KINGDOM"
14219,"UNITED KINGDOM"
12367,DENMARK
15109,"UNITED KINGDOM"
16623,"UNITED KINGDOM"
12999,"UNITED KINGDOM"
12701,GERMANY
18228,"UNITED KINGDOM"
17383,"UNITED KINGDOM"
17415,"UNITED KINGDOM"
17666,"UNITED KINGDOM"
12478,GREECE
15775,"UNITED KINGDOM"
15992,"UNITED KINGDOM"
12550,SPAIN
15318,"UNITED KINGDOM"
16627,"UNITED KINGDOM"
13508,"UNITED KINGDOM"
17914,"UNITED KINGDOM"
17475,"UNITED KINGDOM"
12447,BELGIUM
13570,"UNITED KINGDOM"
18129,"UNITED KINGDOM"
16528,"UNITED KINGDOM"
17550,"UNITED KINGDOM"
15655,"UNITED KINGDOM"
14951,"UNITED KINGDOM"
14780,"UNITED KINGDOM"
14887,"UNITED KINGDOM"
12442,SPAIN
13529,"UNITED KINGDOM"
17172,"UNITED KINGDOM"
16213,"UNITED KINGDOM"
15603,"UNITED KINGDOM"
17119,"UNITED KINGDOM"
16569,"UNITED KINGDOM"
17574,"UNITED KINGDOM"
14311,"UNITED KINGDOM"
14339,"UNITED KINGDOM"
12650,FRANCE
14578,"UNITED KINGDOM"
12982,"UNITED KINGDOM"
14326,"UNITED KINGDOM"
16000,"UNITED KINGDOM"
15195,"UNITED KINGDOM"
14087,"UNITED KINGDOM"
16236,"UNITED KINGDOM"
14204,"UNITED KINGDOM"
15935,"UNITED KINGDOM"
15471,"UNITED KINGDOM"
17603,"UNITED KINGDOM"
13055,"UNITED KINGDOM"
17972,"UNITED KINGDOM"
17278,"UNITED KINGDOM"
15237,"UNITED KINGDOM"
17079,"UNITED KINGDOM"
15212,"UNITED KINGDOM"
13436,"UNITED KINGDOM"
15520,"UNITED KINGDOM"
13484,"UNITED KINGDOM"
16697,"UNITED KINGDOM"
12579,FRANCE
13279,"UNITED KINGDOM"
12425,PORTUGAL
13314,"UNITED KINGDOM"
17436,"UNITED KINGDOM"
16715,"UNITED KINGDOM"
13519,"UNITED KINGDOM"
14138,"UNITED KINGDOM"
13954,"UNITED KINGDOM"
16933,"UNITED KINGDOM"
13740,"UNITED KINGDOM"
15230,"UNITED KINGDOM"
13298,"UNITED KINGDOM"
16097,"UNITED KINGDOM"
15744,"UNITED KINGDOM"
13127,"UNITED KINGDOM"
17746,"UNITED KINGDOM"
17480,"UNITED KINGDOM"
15075,"UNITED KINGDOM"
14569,"UNITED KINGDOM"
13404,"UNITED KINGDOM"
15147,"UNITED KINGDOM"
15813,"UNITED KINGDOM"
16978,"UNITED KINGDOM"
16446,"UNITED KINGDOM"
14014,"UNITED KINGDOM"
12713,GERMANY
13336,"UNITED KINGDOM"
14652,"UNITED KINGDOM"
15762,"UNITED KINGDOM"
15475,"UNITED KINGDOM"
15978,"UNITED KINGDOM"
16485,"UNITED KINGDOM"
13989,"UNITED KINGDOM"
14154,"UNITED KINGDOM"
14206,"UNITED KINGDOM"
14105,"UNITED KINGDOM"
17601,"UNITED KINGDOM"
17142,"UNITED KINGDOM"
15135,"UNITED KINGDOM"
17506,"UNITED KINGDOM"
16480,"UNITED KINGDOM"
13952,"UNITED KINGDOM"
17498,"UNITED KINGDOM"
13120,"UNITED KINGDOM"
12769,BRAZIL
12639,SWEDEN
17367,"UNITED KINGDOM"
14152,"UNITED KINGDOM"
17154,"UNITED KINGDOM"
16594,"UNITED KINGDOM"
18213,"UNITED KINGDOM"
16193,"UNITED KINGDOM"
14757,"UNITED KINGDOM"
16198,"UNITED KINGDOM"
13670,"UNITED KINGDOM"
18066,"UNITED KINGDOM"
14806,"UNITED KINGDOM"
17582,"UNITED KINGDOM"
13474,"UNITED KINGDOM"
17697,"UNITED KINGDOM"
15154,"UNITED KINGDOM"
13390,"UNITED KINGDOM"
16947,"UNITED KINGDOM"
13927,"UNITED KINGDOM"
16617,"UNITED KINGDOM"
16226,"UNITED KINGDOM"
14908,"UNITED KINGDOM"
13639,"UNITED KINGDOM"
15958,"UNITED KINGDOM"
18009,"UNITED KINGDOM"
15243,"UNITED KINGDOM"
16468,"UNITED KINGDOM"
13866,"UNITED KINGDOM"
12612,GERMANY
13514,"UNITED KINGDOM"
13479,"UNITED KINGDOM"
17805,"UNITED KINGDOM"
18278,"UNITED KINGDOM"
12987,"UNITED KINGDOM"
13555,"UNITED KINGDOM"
15717,"UNITED KINGDOM"
13101,"UNITED KINGDOM"
15225,"UNITED KINGDOM"
12733,USA
13979,"UNITED KINGDOM"
16181,"UNITED KINGDOM"
17217,"UNITED KINGDOM"
17548,"UNITED KINGDOM"
14148,"UNITED KINGDOM"
16354,"UNITED KINGDOM"
13485,"UNITED KINGDOM"
15517,"UNITED KINGDOM"
14109,"UNITED KINGDOM"
17120,"UNITED KINGDOM"
12506,FRANCE
18242,"UNITED KINGDOM"
12354,SPAIN
17718,"UNITED KINGDOM"
15348,"UNITED KINGDOM"
13223,"UNITED KINGDOM"
16587,"UNITED KINGDOM"
16281,"UNITED KINGDOM"
12622,GERMANY
16690,"UNITED KINGDOM"
13482,"UNITED KINGDOM"
17670,"UNITED KINGDOM"
16834,"UNITED KINGDOM"
13061,"UNITED KINGDOM"
17513,"UNITED KINGDOM"
12429,AUSTRIA
16909,"UNITED KINGDOM"
16650,"UNITED KINGDOM"
18192,"UNITED KINGDOM"
17427,"UNITED KINGDOM"
15175,"UNITED KINGDOM"
16823,"UNITED KINGDOM"
12573,FRANCE
18220,"UNITED KINGDOM"
13886,"UNITED KINGDOM"
13354,"UNITED KINGDOM"
16965,"UNITED KINGDOM"
13503,"UNITED KINGDOM"
15891,"UNITED KINGDOM"
14681,"UNITED KINGDOM"
16574,"UNITED KINGDOM"
17187,"UNITED KINGDOM"
17991,"UNITED KINGDOM"
12718,FRANCE
12703,GERMANY
13364,"UNITED KINGDOM"
16268,"UNITED KINGDOM"
15143,"UNITED KINGDOM"
13229,"UNITED KINGDOM"
14271,"UNITED KINGDOM"
12417,SPAIN
18053,"UNITED KINGDOM"
16227,"UNITED KINGDOM"
16101,"UNITED KINGDOM"
17893,"UNITED KINGDOM"
14022,"UNITED KINGDOM"
15210,"UNITED KINGDOM"
15593,"UNITED KINGDOM"
13972,"UNITED KINGDOM"
13095,"UNITED KINGDOM"
14304,"UNITED KINGDOM"
13347,"UNITED KINGDOM"
16055,"UNITED KINGDOM"
14149,"UNITED KINGDOM"
17501,"UNITED KINGDOM"
15185,"UNITED KINGDOM"
16404,"UNITED KINGDOM"
16613,"UNITED KINGDOM"
16591,"UNITED KINGDOM"
15774,"UNITED KINGDOM"
17443,CANADA
12886,"UNITED KINGDOM"
17955,"UNITED KINGDOM"
16610,"UNITED KINGDOM"
17394,"UNITED KINGDOM"
14488,"UNITED KINGDOM"
16990,"UNITED KINGDOM"
13762,"UNITED KINGDOM"
14340,"UNITED KINGDOM"
13711,"UNITED KINGDOM"
14333,"UNITED KINGDOM"
13635,"UNITED KINGDOM"
16457,"UNITED KINGDOM"
14199,"UNITED KINGDOM"
14423,"UNITED KINGDOM"
14697,"UNITED KINGDOM"
15091,"UNITED KINGDOM"
15930,"UNITED KINGDOM"
14393,"UNITED KINGDOM"
16183,"UNITED KINGDOM"
17578,"UNITED KINGDOM"
14651,"UNITED KINGDOM"
15668,"UNITED KINGDOM"
13801,"UNITED KINGDOM"
16881,"UNITED KINGDOM"
16319,"UNITED KINGDOM"
15757,"UNITED KINGDOM"
17174,"UNITED KINGDOM"
18227,"UNITED KINGDOM"
12394,BELGIUM
15552,"UNITED KINGDOM"
15255,"UNITED KINGDOM"
14184,"UNITED KINGDOM"
13723,"UNITED KINGDOM"
13351,"UNITED KINGDOM"
16121,"UNITED KINGDOM"
15739,"UNITED KINGDOM"
13642,"UNITED KINGDOM"
13561,"UNITED KINGDOM"
12512,ISRAEL
17957,"UNITED KINGDOM"
15276,"UNITED KINGDOM"
14353,"UNITED KINGDOM"
16756,"UNITED KINGDOM"
15127,"UNITED KINGDOM"
16106,"UNITED KINGDOM"
13483,"UNITED KINGDOM"
18120,"UNITED KINGDOM"
12355,BAHRAIN
14699,"UNITED KINGDOM"
17382,"UNITED KINGDOM"
12789,NETHERLANDS
12821,"UNITED KINGDOM"
17222,"UNITED KINGDOM"
16803,"UNITED KINGDOM"
13947,"UNITED KINGDOM"
16758,"UNITED KINGDOM"
17597,"UNITED KINGDOM"
14288,"UNITED KINGDOM"
15063,"UNITED KINGDOM"
17647,"UNITED KINGDOM"
14054,"UNITED KINGDOM"
18033,"UNITED KINGDOM"
13845,"UNITED KINGDOM"
15837,"UNITED KINGDOM"
13177,"UNITED KINGDOM"
14317,"UNITED KINGDOM"
13990,"UNITED KINGDOM"
13602,"UNITED KINGDOM"
16895,"UNITED KINGDOM"
14920,"UNITED KINGDOM"
17489,"UNITED KINGDOM"
13504,"UNITED KINGDOM"
15729,"UNITED KINGDOM"
14819,"UNITED KINGDOM"
13422,"UNITED KINGDOM"
15264,"UNITED KINGDOM"
16432,"UNITED KINGDOM"
14518,"UNITED KINGDOM"
13052,"UNITED KINGDOM"
18133,"UNITED KINGDOM"
15937,"UNITED KINGDOM"
13235,"UNITED KINGDOM"
12976,"UNITED KINGDOM"
14421,"UNITED KINGDOM"
12923,"UNITED KINGDOM"
15766,"UNITED KINGDOM"
15300,"UNITED KINGDOM"
13348,"UNITED KINGDOM"
16116,"UNITED KINGDOM"
14988,"UNITED KINGDOM"
12394,DENMARK
17030,"UNITED KINGDOM"
12420,CYPRUS
16006,"UNITED KINGDOM"
12590,GERMANY
14792,"UNITED KINGDOM"
12519,GERMANY
13359,"UNITED KINGDOM"
13876,"UNITED KINGDOM"
12740,FRANCE
14000,"UNITED KINGDOM"
13806,"UNITED KINGDOM"
17970,"UNITED KINGDOM"
13587,"UNITED KINGDOM"
12770,JAPAN
13419,"UNITED KINGDOM"
17509,"UNITED KINGDOM"
15826,"UNITED KINGDOM"
13689,"UNITED KINGDOM"
13763,"UNITED KINGDOM"
14873,"UNITED KINGDOM"
16104,"UNITED KINGDOM"
13259,"UNITED KINGDOM"
16248,"UNITED KINGDOM"
14689,"UNITED KINGDOM"
15333,"UNITED KINGDOM"
17263,"UNITED KINGDOM"
16595,"UNITED KINGDOM"
13260,"UNITED KINGDOM"
18088,"UNITED KINGDOM"
16685,"UNITED KINGDOM"
13193,"UNITED KINGDOM"
14801,"UNITED KINGDOM"
16380,"UNITED KINGDOM"
16921,"UNITED KINGDOM"
15193,"UNITED KINGDOM"
14027,"UNITED KINGDOM"
16179,"UNITED KINGDOM"
14489,"UNITED KINGDOM"
14888,"UNITED KINGDOM"
17190,"UNITED KINGDOM"
18169,"UNITED KINGDOM"
18126,"UNITED KINGDOM"
16982,"UNITED KINGDOM"
16776,"UNITED KINGDOM"
13976,"UNITED KINGDOM"
13980,"UNITED KINGDOM"
14451,"UNITED KINGDOM"
13352,"UNITED KINGDOM"
15553,"UNITED KINGDOM"
15886,"UNITED KINGDOM"
12607,USA
12690,FRANCE
17556,"UNITED KINGDOM"
13572,"UNITED KINGDOM"
12772,PORTUGAL
14009,"UNITED KINGDOM"
17245,"UNITED KINGDOM"
17620,"UNITED KINGDOM"
12824,"UNITED KINGDOM"
16120,"UNITED KINGDOM"
17871,"UNITED KINGDOM"
14624,"UNITED KINGDOM"
16171,"UNITED KINGDOM"
13690,"UNITED KINGDOM"
14642,"UNITED KINGDOM"
12602,FRANCE
13887,"UNITED KINGDOM"
12353,BAHRAIN
16753,"UNITED KINGDOM"
13391,"UNITED KINGDOM"
17455,"UNITED KINGDOM"
13464,"UNITED KINGDOM"
13243,"UNITED KINGDOM"
18277,"UNITED KINGDOM"
12667,FINLAND
18048,"UNITED KINGDOM"
14537,"UNITED KINGDOM"
17279,"UNITED KINGDOM"
13227,"UNITED KINGDOM"
12876,BELGIUM
17176,"UNITED KINGDOM"
12446,RSA
14647,"UNITED KINGDOM"
12631,FINLAND
14975,"UNITED KINGDOM"
13853,"UNITED KINGDOM"
16773,"UNITED KINGDOM"
16430,"UNITED KINGDOM"
16793,"UNITED KINGDOM"
15292,"UNITED KINGDOM"
15705,"UNITED KINGDOM"
13339,"UNITED KINGDOM"
18160,"UNITED KINGDOM"
17614,"UNITED KINGDOM"
13858,"UNITED KINGDOM"
14089,"UNITED KINGDOM"
17715,"UNITED KINGDOM"
16413,"UNITED KINGDOM"
13737,"UNITED KINGDOM"
13006,"UNITED KINGDOM"
17986,"UNITED KINGDOM"
12454,SPAIN
13878,"UNITED KINGDOM"
15314,"UNITED KINGDOM"
16934,"UNITED KINGDOM"
15994,"UNITED KINGDOM"
15042,"UNITED KINGDOM"
16763,"UNITED KINGDOM"
16052,"UNITED KINGDOM"
14705,"UNITED KINGDOM"
16448,"UNITED KINGDOM"
12475,GERMANY
16542,"UNITED KINGDOM"
12974,"UNITED KINGDOM"
18042,"UNITED KINGDOM"
16563,"UNITED KINGDOM"
17201,"UNITED KINGDOM"
17520,"UNITED KINGDOM"
14816,"UNITED KINGDOM"
13923,"UNITED KINGDOM"
16412,"UNITED KINGDOM"
17205,"UNITED KINGDOM"
17534,"UNITED KINGDOM"
15335,"UNITED KINGDOM"
16737,"UNITED KINGDOM"
14280,"UNITED KINGDOM"
13135,"UNITED KINGDOM"
16275,"UNITED KINGDOM"
16323,"UNITED KINGDOM"
12426,GERMANY
15897,"UNITED KINGDOM"
17051,"UNITED KINGDOM"
15925,"UNITED KINGDOM"
16483,"UNITED KINGDOM"
13398,"UNITED KINGDOM"
13070,"UNITED KINGDOM"
12790,NETHERLANDS
16810,"UNITED KINGDOM"
